filename,position_mm,section_depth_mm,strat_depth_cm,sample_surface,validity,E_gain,E_offset,F_slope,F_offset,kcps,MSE,TSN_SUM,Mg_%TSN,Al,Si,P,S,Cl,Ar,K,Ca,Sc,Ti,V,Mn,Fe,Ni,Cu,Zn,Ga,Ge,As,Se,Br,Rb,Sr,Y,Zr,Mo,Cs,Ba,La,Ce,Pr,Nd,Sm,Gd,Tb,Dy,Ho,Er,Tm,Lu,Hf,Ac,Th,U,Cr_inc,Cr_coh,inc&coh,SUM,SUM,SUM&REE,LnK_Ti,LnCa_Ti,LnSr_Ti
Data\BAS_sjro\June 2014\Cr_HE-tube\Potter Cove\L15\L15-H16 XRF\XRF data\L000000.spe,340,0,0,6.29,1,0.018549,-0.012284,0.010389,0.119708,6046,1.23,2.357338626,0.04810969,0,0.489115183,0,0.09621938,0.020045704,1.663793449,1.856232209,15.53141162,0,6.490799022,0.545243154,0.549252295,20.05773163,0.196447901,0,0.108246803,0.204466183,0,0.064146253,0,0.24054845,0.032073127,1.627711181,0.084191958,0.18842962,1.0503949,0,0.673535661,0.328749549,0,0.264603296,1.6196929,0.625425971,0.220502746,0.196447901,0.104237662,0.18842962,0.312712986,0.649480816,0.441005493,0.360822676,0.128292507,0.320731267,0,17.45980836,24.96091088,42.42071924,100,89.8207914,95.13290302,-1.2518369,0.87247889,-1.383210794
Data\BAS_sjro\June 2014\Cr_HE-tube\Potter Cove\L15\L15-H16 XRF\XRF data\L000001.spe,342,2,0.2,6.3,1,0.018548,-0.012284,0.01042,0.119708,7528,1.28,2.408965216,0.054374094,0,0.462179797,0,0.078540358,0,1.150918318,1.924238763,15.21266312,0.129893668,7.255920735,0.431971967,1.220396327,21.93390527,0,0.129893668,0.138956017,0.302078299,0.033228613,0,0.066457226,0.117810536,0.444055099,1.205292412,0.081561141,0.274891252,0.718946351,0,0.23260029,0.208434026,0.17218463,0.214475592,2.117568874,0.425930401,0,0.099685839,0,0.344369261,0.214475592,0.616239729,0.308119865,0.075519575,0.024166264,0.066457226,0,16.70190913,24.80969067,41.51159981,100,90.63859352,95.43559691,-1.327287347,0.740310393,-1.795095586
Data\BAS_sjro\June 2014\Cr_HE-tube\Potter Cove\L15\L15-H16 XRF\XRF data\L000002.spe,344,4,0.4,6.34,1,0.01855,-0.012284,0.010436,0.119708,6938,1.5,2.319859683,0,0,0.305862946,0,0.037803285,0,1.271565056,1.790501065,15.02165097,0,7.430063922,0.436456114,0,20.76775036,0.364286205,0.209636401,0.381469517,0.278369647,0,0,0,0.22338305,0.219946388,1.343734965,0.350539556,0.553302632,0.525809334,0,0,0.216509726,0.319609595,0.408962815,1.821431026,0.567049282,0.154649804,0.309299608,0.367722868,0.144339817,0.144339817,0.501752698,0,0.195889752,0,0.230256375,0,16.46504914,26.64100625,43.1060554,100,91.22620111,96.37775792,-1.423038956,0.703958097,-1.710081438
Data\BAS_sjro\June 2014\Cr_HE-tube\Potter Cove\L15\L15-H16 XRF\XRF data\L000003.spe,346,6,0.6,6.35,1,0.018552,-0.012284,0.010587,0.119708,7494,1.45,2.361918279,0,0.028463898,0.379518644,0,0.044277175,0,1.350453841,1.824852146,15.66146937,0.098042316,7.501818527,0.221385876,0,21.50921914,0.167620734,0.04743983,0.249849774,0.08855435,0,0,0,0.025301243,0.271988361,1.394731016,0.135994181,0.483886271,0.591416553,0,0.550302034,0.604067175,0,0.30677757,1.641418135,0.452259717,0,0.483886271,0,0.246687119,0,0.743224011,0.145482147,0.249849774,0.085391695,0.034789209,0.04111452,16.22758468,26.1108827,42.33846738,100,91.93522882,96.80888074,-1.413646494,0.736058054,-1.682443885
Data\BAS_sjro\June 2014\Cr_HE-tube\Potter Cove\L15\L15-H16 XRF\XRF data\L000004.spe,348,8,0.8,6.37,1,0.018552,-0.012284,0.010536,0.119708,7872,1.44,2.589503901,0,0,0.349620534,0.022739547,0.093800631,0,1.25067508,1.839060857,15.33782439,0.02558199,7.094738637,0.065376197,4.022057361,22.17390069,0.252977459,0,0.324038544,0.201813479,0,0.036951764,0,0.102327961,0.125067508,1.247832637,0.159176828,0.233080356,0.505954919,0,0.449106052,0.26150479,0.096643074,0.531536909,2.401864643,0.213183252,0.306983883,0.099485518,0,0.159176828,0,0.676501521,0.150649498,0.355305421,0.085273301,0.019897104,0.110855291,13.58972172,25.02771382,38.61743555,100,87.72348711,92.97632245,-1.350098435,0.770968488,-1.737945316
Data\BAS_sjro\June 2014\Cr_HE-tube\Potter Cove\L15\L15-H16 XRF\XRF data\L000005.spe,350,10,1,6.36,1,0.018555,-0.012284,0.010582,0.119708,6796,1.31,2.570741186,0,0.021596717,0.39953927,0,0.053991793,0,1.846519329,1.896911669,17.45374703,0.104384134,7.958390325,0.017997264,1.536966381,21.12878842,0.082787416,0,0.39953927,0.158375927,0,0,0,0.079187963,0,1.662947232,0,0.334749118,0.633503707,0,0,0.356345835,0.493125045,0.615506443,2.120077748,0.381542006,0,0.316751854,0,0.215967173,0,0.518321215,0,0.190771003,0.035994529,0.086386869,0,13.74631056,25.15297675,38.89928731,100,90.76740335,95.97581168,-1.433999632,0.785327596,-1.56563529
Data\BAS_sjro\June 2014\Cr_HE-tube\Potter Cove\L15\L15-H16 XRF\XRF data\L000006.spe,352,12,1.2,6.34,1,0.018553,-0.012284,0.01063,0.119708,6332,1.41,2.34987327,0,0,0.340178386,0,0.033188135,0,2.012030699,1.821198921,15.59012653,0.290396183,6.799419208,0.377515038,0,22.11574362,0,0,0.165940676,0.211574362,0,0,0.145198092,0.020742585,0.224019913,1.190624352,0.298693217,0.095415889,1.016386642,0,0.157643642,0.34847542,0.327732836,0.28209915,2.260941713,0.240613981,0,0,0,0.2945447,0,0.605683468,0,0.12030699,0.058079237,0,0,14.847542,27.70794441,42.55548641,100,91.69052064,96.1709189,-1.317342166,0.829800601,-1.742359363
Data\BAS_sjro\June 2014\Cr_HE-tube\Potter Cove\L15\L15-H16 XRF\XRF data\L000007.spe,354,14,1.4,6.33,1,0.018555,-0.012284,0.010644,0.119708,6234,1.76,2.375,0,0.036691263,0.370989441,0,0.171225896,0.020384035,2.026173101,2.038403522,14.30143911,0.097843369,7.207794855,0.370989441,0,20.3718048,0.028537649,0,0.485140038,0.285376493,0,0.081536141,0.114150597,0.46883281,0.322067757,1.218965306,0.350605406,0.456602389,1.382037588,0,0.285376493,0.301683721,0.118227404,0.313914142,1.777487871,0.493293652,0,0.114150597,0,0.362835827,0,1.149659587,0,0.566676179,0.04076807,0.163072282,0,16.50291492,25.60234824,42.10526316,100,89.93844021,95.1363692,-1.262996145,0.68519711,-1.77716067
Data\BAS_sjro\June 2014\Cr_HE-tube\Potter Cove\L15\L15-H16 XRF\XRF data\L000008.spe,356,16,1.6,6.36,1,0.018549,-0.012284,0.010687,0.119708,7376,1.24,2.24710453,0.016310553,0,0.198988746,0,0.153319198,0,1.28200946,1.67020062,13.55406948,0,6.410047301,0.417550155,0.72418855,19.11923014,0.49910292,0.231609852,0.469743924,0.326211059,0,0,0,0.339259501,0.104387539,1.304844234,0.075028543,0.610014679,0.887294079,0,0.345783722,0.420812266,0.260968847,0.463219703,2.531397814,0.574131463,0.326211059,0.247920405,0.476268145,0.071766433,0,0.580655684,0.189202414,0.531724025,0.05545588,0.029358995,0,16.59761866,27.90409395,44.50171261,100,88.72614582,95.40042407,-1.344922899,0.748820183,-1.591782977
Data\BAS_sjro\June 2014\Cr_HE-tube\Potter Cove\L15\L15-H16 XRF\XRF data\L000009.spe,358,18,1.8,6.38,1,0.01855,-0.012284,0.010711,0.119708,7706,1.27,2.285318761,0,0,0.251865077,0,0.082892304,0,1.071223618,1.638717082,14.09806797,0.124338456,7.170184276,0.255053242,1.47612064,20.52859784,0.21360709,0.102021297,0.27099407,0.398520691,0.082892304,0,0,0,0.041446152,1.17643308,0,0.462284002,1.201938405,0,0.277370401,0.334757381,0.334757381,0.165784608,1.785372697,0.771536058,0.258241408,0,0.031881655,0.168972773,0.041446152,0.682267423,0.283746732,0.341133712,0,0.041446152,0.076515973,16.10342409,27.6541478,43.75757189,100,90.5566537,95.75655168,-1.476017687,0.676106409,-1.807444308
Data\BAS_sjro\June 2014\Cr_HE-tube\Potter Cove\L15\L15-H16 XRF\XRF data\L000010.spe,360,20,2,6.39,1,0.018548,-0.012284,0.010711,0.119708,6947,1.38,2.488348701,0.040423095,0.016842956,0.424442498,0,0.08084619,0,1.182375531,2.105369534,15.49888836,0.212221249,7.555750185,0.72424712,1.327224955,20.82799973,0,0.10779492,0.495182915,0.144849424,0.040423095,0,0,0.249275753,0.235801388,1.364279458,0.330121943,0.67034966,0.862359361,0,0.239169979,0.444654046,0.10779492,0.043791686,2.041366301,0.485077141,0,0.178535337,0.023580139,0.754564441,0.218958432,0.619820791,0,0.158323789,0,0,0,14.78137843,25.40591525,40.18729367,100,89.99191538,95.0683824,-1.277817885,0.718459416,-1.711682467
Data\BAS_sjro\June 2014\Cr_HE-tube\Potter Cove\L15\L15-H16 XRF\XRF data\L000011.spe,362,22,2.2,6.4,1,0.018547,-0.012284,0.010746,0.119708,7494,1.32,2.419929593,0,0,0.335480806,0,0.071252561,0,1.021286702,1.775376303,15.95166701,0.077190274,7.906065374,0.362200517,0.706587893,21.23920078,0.267197102,0.198913398,0.519549921,0,0.056408277,0,0,0.184069115,0.302823383,1.629902325,0.178131402,0.127660838,0.955971855,0,0.154380548,0.356262803,0.204851112,0.207819969,2.051479975,0.371107087,0,0.166255975,0.213757682,0.029688567,0,0.406733367,0,0.320636523,0.047501707,0.157349405,0.121723124,14.14363329,27.17988303,41.32351631,100,91.76439153,96.09298459,-1.493617832,0.701933105,-1.579110144
Data\BAS_sjro\June 2014\Cr_HE-tube\Potter Cove\L15\L15-H16 XRF\XRF data\L000012.spe,364,24,2.4,6.44,1,0.018543,-0.012284,0.010791,0.119708,7596,1.62,2.436964952,0.054044316,0.01501231,0.333273284,0,0.057046778,0,1.098901099,1.927580616,15.70287636,0,7.512159971,0.753617967,0,23.23905603,0,0,0.066054164,0.039032006,0.213174803,0,0,0.453371765,0,1.417162073,0.117096019,0.192157569,0.762625353,0,0.330270822,0.228187113,0,0.099081247,1.924578154,0.429352069,0,0.090073861,0,0.270221582,0.027022158,0.717588423,0.360295442,0.213174803,0.138113253,0.054044316,0.129105867,15.36059569,25.67405272,41.03464841,100,92.18759383,96.54716868,-1.360257387,0.737320866,-1.667866705
Data\BAS_sjro\June 2014\Cr_HE-tube\Potter Cove\L15\L15-H16 XRF\XRF data\L000013.spe,366,26,2.6,6.48,1,0.018544,-0.012284,0.01081,0.119708,7097,1.71,2.327135434,0,0,0.177942151,0,0.094204668,0.017445309,1.325843481,1.573566868,12.7385646,0,6.971145459,0.282614005,2.14228394,19.12354768,0.544293639,0.289592129,0.352395241,0.27214682,0.101182792,0,0,0.202365584,0,1.723596525,0.457067095,0.146540595,0.907156066,0,0,0.198876522,0.708279544,0.446599909,2.766826,0.432643662,0.383796797,0.628031122,0.348906179,0.125606224,0.188409337,0.596629566,0.13607341,0.464045218,0.160496842,0,0,17.10686996,25.86441506,42.97128502,100,86.6857402,94.1104637,-1.48843462,0.602854422,-1.397366442
Data\BAS_sjro\June 2014\Cr_HE-tube\Potter Cove\L15\L15-H16 XRF\XRF data\L000014.spe,368,28,2.8,6.5,1,0.018543,-0.012284,0.010778,0.119708,8014,1.92,2.027987083,0,0,0.252903709,0,0.074934432,0,1.017859373,1.383164731,11.48682403,0,4.76770326,0.892968652,0,18.55251655,0.343449482,0.390283502,0.33096041,0.421506182,0.206069689,0,0,0,0.340327214,1.136505558,0,0.515174223,0.892968652,0,1.504933183,0.277881853,0,0.04683402,2.772573998,0.374672162,0,1.18021731,0.399650306,0.168602473,0.218558761,0.321593606,0.187336081,0.231047833,0,0,0,23.50755589,25.80242288,49.30997877,100,88.62869989,94.80766829,-1.237490535,0.87933595,-1.433906438
Data\BAS_sjro\June 2014\Cr_HE-tube\Potter Cove\L15\L15-H16 XRF\XRF data\L000015.spe,370,30,3,6.53,1,0.018548,-0.012284,0.01072,0.119708,6966,1.38,2.016842562,0,0,0.07885022,0,0.107523028,0,1.433640371,1.261603527,10.69137307,0.168452744,5.949607541,0.530446937,1.211426114,18.70900685,0,0,0.222214258,0.358410093,0.236550661,0,0,0.032256908,0.229382459,1.361958353,0.096770725,0.361994194,0.817175012,0,0.663058672,0.358410093,0,0.401419304,2.89595355,0.132611734,0.100354826,0.272391671,0,0.666642773,0.060929716,0.666642773,0.07885022,0.218630157,0,0.043009211,0,20.12831081,29.45414143,49.58245224,100,89.03623526,94.88907208,-1.550941706,0.586111903,-1.474401629
Data\BAS_sjro\June 2014\Cr_HE-tube\Potter Cove\L15\L15-H16 XRF\XRF data\L000016.spe,372,32,3.2,6.57,1,0.01855,-0.012284,0.010698,0.119708,7216,1.69,2.401845098,0,0,0.267976775,0,0.032752717,0.056572875,1.057019503,1.777579276,13.98541015,0.071460473,8.131606372,0.553818669,2.137859163,21.53044514,0,0,0.235224058,0.318594611,0,0,0.047640316,0.133988388,0.11314575,1.500669942,0.401965163,0.524043472,0.640166741,0,0.172696144,0.32454965,0.095280631,0.181628703,2.075331249,0.32752717,0.11016823,0.151853506,0,0.348369808,0,0.571683787,0.119100789,0.229269019,0,0.098258151,0.041685276,15.40568706,26.22897127,41.63465833,100,90.22778026,94.7625428,-1.520506008,0.542256165,-1.689846853
Data\BAS_sjro\June 2014\Cr_HE-tube\Potter Cove\L15\L15-H16 XRF\XRF data\L000017.spe,374,34,3.4,6.58,1,0.018554,-0.012284,0.010671,0.119708,7283,3.06,2.618263363,0,0.022464969,0.269579624,0,0.101092359,0.033697453,1.159754009,1.971301002,16.78975597,0.188144113,8.8427733,0.612170397,0,23.71177445,0.07862739,0,0.440875011,0.395945073,0.109516722,0,0,0,0.146022296,1.595012777,0.188144113,0.463339979,0.474572464,0,0.190952234,0.272387745,0.174103507,0,1.016539833,0.657100334,0,0,0.084243633,0.311701441,0,0.547583612,0,0.67114094,0.092667996,0,0.193760355,15.16385387,23.02940103,38.19325489,100,92.75223948,96.48704052,-1.500906817,0.641168388,-1.712718802
Data\BAS_sjro\June 2014\Cr_HE-tube\Potter Cove\L15\L15-H16 XRF\XRF data\L000018.spe,376,36,3.6,6.62,1,0.018543,-0.012284,0.010671,0.119708,6962,2.11,2.564435408,0,0,0.201256327,0,0.030493383,0,1.12520583,1.756418857,13.99646277,0.057937428,8.275904129,0.103677502,2.951759468,24.35506495,0,0,0.03659206,0.109776179,0,0,0,0,0.338476551,1.579557236,0.021345368,0.524486186,0.615966335,0,0.192108312,0.128072208,0.222601695,0.493992804,2.418125267,0,0,0.253095078,0,0.66170641,0,0.408611331,0,0.015246691,0.060986766,0,0.070134781,13.01457584,25.98036226,38.9949381,100,90.33664695,94.93809843,-1.55007118,0.525456463,-1.656203598
Data\BAS_sjro\June 2014\Cr_HE-tube\Potter Cove\L15\L15-H16 XRF\XRF data\L000019.spe,378,38,3.8,6.62,1,0.01854,-0.012284,0.010671,0.119708,7662,1.44,2.753254309,0,0,0.28526149,0,0.071315372,0.047543582,1.119915478,1.891178024,16.95721078,0.158478605,8.53935552,0.28526149,0.839936609,25.26941363,0.150554675,0.184891706,0.237717908,0.266772319,0.100369783,0.087163233,0.026413101,0,0.105652404,1.246698362,0.216587427,0.507131537,0.515055468,0,0.6022187,0.200739567,0.050184892,0.372424723,2.089276281,0.01320655,0,0.390913893,0.026413101,0.039619651,0.044902272,0.396196513,0.171685156,0.105652404,0.015847861,0,0.050184892,13.64500792,22.67564712,36.32065504,100,91.76967776,95.67089276,-1.507485611,0.686007619,-1.924186792
Data\BAS_sjro\June 2014\Cr_HE-tube\Potter Cove\L15\L15-H16 XRF\XRF data\L000020.spe,380,40,4,6.62,1,0.018534,-0.012284,0.010606,0.119708,7651,3.07,2.47655923,0,0,0.273247134,0,0.045071692,0.03662075,1.208484746,1.912729936,16.03143751,0.312684864,7.808670667,0.188737711,0.208456576,23.25417617,0,0,0.143666019,0.233809403,0,0,0,0.177469788,0.18592073,1.501450745,0.14929998,0.535226344,0.549311248,0,0.856362151,0.081692442,0,0.473252768,1.997239359,0,0,0.600016902,0,0.467618806,0,0.123947153,0,0.211273557,0,0.033803769,0.019718865,16.49342235,23.88517986,40.37860221,100,92.38851799,96.34355897,-1.406703233,0.719316898,-1.648802936
Data\BAS_sjro\June 2014\Cr_HE-tube\Potter Cove\L15\L15-H16 XRF\XRF data\L000021.spe,382,42,4.2,6.63,1,0.018531,-0.012284,0.010606,0.119708,7856,1.64,2.521771317,0,0,0.309572736,0,0.045368418,0,0.99276774,1.715993702,16.32729311,0,7.392383443,0.656507699,1.030129967,23.71433909,0.146780177,0.200154786,0.256198127,0,0,0,0,0.066718262,0.280216701,1.214272371,0.085399376,0.394972112,0.720557231,0,1.016786315,0.250860666,0,0,1.889461183,0.2188359,0,0.531077366,0.240185744,0.045368418,0.141442716,0.173467482,0.042699688,0.130767794,0.021349844,0.040030957,0.05337461,16.5808225,23.07384377,39.65466628,100,91.70024819,95.36441515,-1.460457875,0.792387926,-1.80630518
Data\BAS_sjro\June 2014\Cr_HE-tube\Potter Cove\L15\L15-H16 XRF\XRF data\L000022.spe,384,44,4.4,6.64,1,0.018529,-0.012284,0.01059,0.119708,7717,2.11,2.354998712,0,0.027353046,0.303618808,0,0.098470965,0,1.137886704,1.64391805,14.43693755,0.035558959,7.412675401,0.648267185,0.4185016,22.06843732,0,0.051970787,0.235236194,0,0.098470965,0,0,0,0.166853579,1.392270029,0.311824722,0.492354824,0.399354468,0,0.697502667,0.279001067,0,0.101206269,1.974889904,0.426707514,0,0.8370032,0,0.429442818,0.415766296,0.503296042,0.180530102,0,0.060176701,0.076588528,0.175059493,19.3686917,23.09417654,42.46286824,100,90.84767089,95.9955141,-1.506108979,0.666598603,-1.672255897
Data\BAS_sjro\June 2014\Cr_HE-tube\Potter Cove\L15\L15-H16 XRF\XRF data\L000023.spe,386,46,4.6,6.6,0,0.01854,-0.012284,0.01059,0.119708,6986,1.39,2.485141268,0,0,0.268025448,0,0.114868049,0.064797361,1.195805844,1.767200754,13.71347785,0.161993402,7.590127238,0.456526861,1.814326107,24.91753063,0.323986805,0,0.129594722,0.020617342,0,0,0,0,0.153157399,1.581644675,0.247408106,0.447690858,0.848256362,0,0.326932139,0.114868049,0.129594722,0.262134779,1.552191329,0.315150801,0.07068803,0.341658812,0.041234684,0,0,0.418237512,0.111922714,0.259189444,0,0,0,17.58953817,22.649623,40.23916117,100,91.50270971,95.11958058,-1.457451555,0.591530779,-1.568383116
Data\BAS_sjro\June 2014\Cr_HE-tube\Potter Cove\L15\L15-H16 XRF\XRF data\L000024.spe,388,48,4.8,6.64,1,0.018537,-0.012284,0.010528,0.119708,6741,1.72,2.744469203,0,0.023197147,0.182677531,0,0.06959144,0,1.252645925,1.661495636,15.67837156,0.147881811,7.971119552,0.539333662,0,26.90869023,0,0,0.185577174,0.324760055,0.115985734,0.046394294,0,0,0.182677531,1.432423812,0.092788587,0.411749355,0.458143648,0,0.698814046,0.234871111,0,0.168179314,2.418302549,0.249369328,0,0.487140082,0,0.478441152,0,0.611824746,0.115985734,0.301562908,0.031896077,0.06089251,0.020297503,12.9382086,23.49870966,36.43691826,100,91.32716676,96.39284368,-1.568106771,0.676457201,-1.716456971
Data\BAS_sjro\June 2014\Cr_HE-tube\Potter Cove\L15\L15-H16 XRF\XRF data\L000025.spe,390,50,5,6.6,1,0.018537,-0.012284,0.010528,0.119708,7194,1.58,2.837905049,0,0,0.294750259,0,0.018587854,0.026554077,1.059507687,1.869407047,18.12846863,0.103560902,8.340635705,0.642608673,0.22305425,25.94067819,0.055763562,0.16463528,0.217743435,0.318648929,0.124804164,0,0,0,0.156669057,1.739292068,0.191189357,0.531081548,0.334581375,0,0.831142622,0.377067899,0,0,1.133859104,0.589500518,0,0.286784036,0.185878542,0.297405667,0.063729786,0.326615152,0,0.188533949,0,0,0,14.52242492,20.71483576,35.23726068,100,92.63389894,96.08327359,-1.495518143,0.776344118,-1.567661264
Data\BAS_sjro\June 2014\Cr_HE-tube\Potter Cove\L15\L15-H16 XRF\XRF data\L000026.spe,392,52,5.2,6.59,1,0.018542,-0.012284,0.010449,0.119708,7585,1.45,3.236264185,0,0,0.449030045,0,0.032794329,0.017658485,1.112484549,2.391463384,20.49897833,0.184152771,10.59761358,0.582730002,0,26.80810272,0.169016927,0,0.088292425,0,0,0,0,0.121086754,0.017658485,1.654852299,0.169016927,0.557503595,0.499482859,0,0.307762165,0.174062208,0.022703766,0.047930173,0.993920436,0.320375369,0,0.196765975,0,0.012613204,0.14379052,0.557503595,0.18163013,0.100905628,0,0.055498095,0.032794329,11.60666986,19.29315608,30.89982594,100,94.44514518,97.19734618,-1.488723369,0.659746205,-1.856917082
Data\BAS_sjro\June 2014\Cr_HE-tube\Potter Cove\L15\L15-H16 XRF\XRF data\L000027.spe,394,54,5.4,6.59,1,0.018545,-0.012284,0.010484,0.119708,6224,1.31,3.073939394,0,0,0.640772871,0,0,0,1.564143007,2.129337539,20.11369611,0.05586225,9.927050473,0.391035752,0,25.64405889,0,0,0.078864353,0,0.065720294,0,0,0,0.187302839,1.836882229,0.285883281,0.581624606,0.673633018,0,0.407465825,0.266167192,0,0.121582545,0.834647739,0.456756046,0,0,0,0.226735016,0.059148265,0.519190326,0.101866456,0.17415878,0.069006309,0,0.05586225,11.83951104,20.6920347,32.53154574,100,94.15746583,96.91771819,-1.539452485,0.706137579,-1.687193708
Data\BAS_sjro\June 2014\Cr_HE-tube\Potter Cove\L15\L15-H16 XRF\XRF data\L000028.spe,396,56,5.6,6.57,1,0.018546,-0.012284,0.010442,0.119708,6818,1.24,3.459017997,0.011310618,0,0.689947688,0,0.042414817,0,1.283755125,2.621235685,21.42513785,0.325180263,10.95150573,0.353456808,0.777604977,25.27923088,0,0,0.214901739,0,0.022621236,0,0,0,0.062208398,1.371412413,0.144210377,0.475045949,0.6022904,0,0,0.277110137,0.480701258,0.166831613,1.244167963,0.55139262,0.045242471,0.011310618,0,0.401526933,0.223384702,0.542909656,0.254488901,0.178142231,0.059380744,0,0,8.505584618,20.40435459,28.90993921,100,92.54064753,96.91785664,-1.429831114,0.671087942,-2.077635789
Data\BAS_sjro\June 2014\Cr_HE-tube\Potter Cove\L15\L15-H16 XRF\XRF data\L000029.spe,398,58,5.8,6.55,1,0.018548,-0.012284,0.010424,0.119708,6225,1.57,3.52212785,0,0,0.647290265,0,0,0,1.373905318,2.370224648,22.97563143,0.174514532,9.925117401,0.047594872,0.545754537,26.37707831,0,0,0.101535728,0.187206498,0.028556923,0,0.015864957,0,0,1.54841985,0.161822566,0.33951009,0.355375048,0,0.777382917,0.298261201,0,0.31729915,1.101028049,0.377585988,0.015864957,0,0,0.206244447,0,0.764690951,0.174514532,0.298261201,0,0.019037949,0.082497779,9.188983374,19.20294454,28.39192791,100,93.03211067,96.58586115,-1.432083917,0.839365496,-1.857833696
Data\BAS_sjro\June 2014\Cr_HE-tube\Potter Cove\L15\L15-H16 XRF\XRF data\L000030.spe,400,60,6,6.52,1,0.018547,-0.012284,0.01038,0.119708,6803,1.46,3.343669742,0,0.022758307,0.668525262,0,0.031292672,0,1.106622667,2.497724169,22.29460628,0.193445608,10.16158398,0.426718252,0,26.25739645,0.136549841,0,0.270254893,0,0.036982249,0,0.059740555,0.182066454,0.179221666,1.578857533,0.091033227,0.281634046,0.318616295,0,0.850591716,0.213359126,0,0.082498862,1.152139281,0.105257169,0,0.162152936,0,0,0,0.315771507,0.028447883,0.170687301,0.065430132,0.093878015,0.056895767,9.145994538,20.76126536,29.9072599,100,94.23645881,96.46677287,-1.403234348,0.785730445,-1.861912828
Data\BAS_sjro\June 2014\Cr_HE-tube\Potter Cove\L15\L15-H16 XRF\XRF data\L000031.spe,402,62,6.2,6.53,1,0.01855,-0.012284,0.010342,0.119708,7242,1.22,3.643767313,0,0.017738584,0.788099944,0,0,0,0.879326947,2.65825351,23.83305458,0.149510922,11.31975065,0.549896103,0.458669099,25.51061781,0,0,0.243272009,0.121636004,0,0,0,0.114033754,0.053215752,1.474836552,0.065886169,0.357305763,0.164715422,0,0.154579089,0.230601591,0.078556586,0.250874259,0.85905428,0.608180021,0.124170088,0,0,0.375044346,0.101363337,0.648725356,0.124170088,0.164715422,0,0,0.076022503,8.288986873,19.15513659,27.44412346,100,93.7940297,97.35948507,-1.448879713,0.74452442,-2.038001874
Data\BAS_sjro\June 2014\Cr_HE-tube\Potter Cove\L15\L15-H16 XRF\XRF data\L000032.spe,404,64,6.4,6.59,1,0.018551,-0.012284,0.010316,0.119708,7488,1.34,3.730987414,0.016629843,0,0.622431283,0,0.033259687,0,0.95265246,2.986244744,22.04879671,0.256574727,11.74304516,0.216187965,1.712873875,26.41769415,0.137790131,0,0.102154753,0.220939349,0.016629843,0,0,0.076022141,0.028508303,1.318509016,0.168674126,0.351602404,0.187679662,0,0.118784596,0.125911672,0.175801202,0.422873162,1.175967501,0.294585798,0,0,0,0,0.090276293,0.710331884,0.199558121,0.142541515,0,0.06176799,0.064143682,6.673318604,20.12923764,26.80255624,100,92.58071413,95.91856128,-1.369244505,0.629996865,-2.1867596
Data\BAS_sjro\June 2014\Cr_HE-tube\Potter Cove\L15\L15-H16 XRF\XRF data\L000033.spe,406,66,6.6,6.62,1,0.018553,-0.012284,0.010316,0.119708,7671,1.99,3.889378938,0,0,0.847006549,0,0.037027609,0,0.83080697,2.832612066,24.13968665,0.458216658,13.03603249,0.242993682,0.124968179,27.26389114,0,0,0.02082803,0.071740992,0.055541413,0,0,0.15042466,0.092569022,1.219596862,0.032399158,0.326305802,0.284649742,0,0.078683669,0.284649742,0.203651848,0.180509592,0.55078568,0.210594525,0,0,0,0.143481984,0,0.499872718,0,0.060169864,0.009256902,0,0,7.102358196,18.6086876,25.7110458,100,95.68165513,97.81537109,-1.526517976,0.616139982,-2.36919689
Data\BAS_sjro\June 2014\Cr_HE-tube\Potter Cove\L15\L15-H16 XRF\XRF data\L000034.spe,408,68,6.8,6.63,1,0.018546,-0.012284,0.010357,0.119708,8008,1.18,3.998648649,0,0,0.751943224,0,0.050692802,0.042244001,0.756167624,2.519854681,24.70217979,0.356961811,12.3669314,0.595640419,0.768840825,26.95800946,0.088712403,0.130956404,0.268249409,0.122507604,0,0,0,0,0.130956404,1.053987834,0.025346401,0.29993241,0.378083812,0,0.475245015,0.251351808,0,0,0.515376816,0.485806016,0,0,0.154190605,0.162639405,0.164751605,0.171088205,0.082375803,0.067590402,0,0.0126732,0.080263603,6.966035823,18.04241298,25.0084488,100,94.30762082,96.36279148,-1.590824854,0.691865403,-2.46244518
Data\BAS_sjro\June 2014\Cr_HE-tube\Potter Cove\L15\L15-H16 XRF\XRF data\L000035.spe,410,70,7,6.65,1,0.018548,-0.012284,0.010374,0.119708,7885,1.37,4.079508493,0,0,0.761871013,0,0.024362155,0,0.837172218,3.056343019,23.99893692,0.190467753,12.91194189,0.414156627,0,28.17593905,0,0,0.186038271,0.059798016,0.044294826,0,0,0,0.181608788,1.083008505,0.042080085,0.365432318,0.323352232,0,0,0.230333097,0.188253012,0.163890858,0.885896527,0.279057406,0,0.011073707,0,0.31892275,0.108522325,0.445163005,0.121810773,0.057583274,0,0.019932672,0,6.19906095,18.31369596,24.51275691,100,95.37562013,98.18612686,-1.440933501,0.619856924,-2.47840979
Data\BAS_sjro\June 2014\Cr_HE-tube\Potter Cove\L15\L15-H16 XRF\XRF data\L000036.spe,412,72,7.2,6.67,1,0.018549,-0.012284,0.010374,0.119708,7869,1.89,3.957697642,0,0.028473804,0.681181006,0,0.028473804,0.054757316,0.865165586,2.880234799,23.2171018,0.238741896,11.85386368,0.363588575,0.770983003,28.52856142,0,0,0.159891361,0,0.072279657,0,0,0,0.127036972,1.130190994,0.148939898,0.219029262,0.357017698,0,0.247503066,0.236551603,0.096372875,0.251883652,1.016295777,0.105134046,0,0,0,0.462151743,0,0.457771158,0,0.120466094,0.013141756,0,0,6.551165236,18.71605046,25.2672157,100,94.29428772,97.04091467,-1.414782045,0.672235291,-2.350267224
Data\BAS_sjro\June 2014\Cr_HE-tube\Potter Cove\L15\L15-H16 XRF\XRF data\L000037.spe,414,74,7.4,6.68,1,0.018546,-0.012284,0.010406,0.119708,7983,1.66,3.920515395,0,0,0.764010414,0,0.02347518,0,0.851508814,3.015493619,21.63131162,0.239020018,11.85283196,0.460967177,0.650902727,28.74429126,0.271031627,0.051218575,0.160058048,0.202740194,0,0,0.046950361,0,0.098168936,1.047846686,0,0.486576465,0.309445559,0,0.32438431,0.217678945,0.05548679,0.179265013,1.105467583,0.311579666,0.029877502,0.24542234,0,0,0.053352683,0.54633147,0.271031627,0.24542234,0,0,0,6.39378548,19.113065,25.50685048,100,93.51871612,96.77963208,-1.368803285,0.601575054,-2.42582954
Data\BAS_sjro\June 2014\Cr_HE-tube\Potter Cove\L15\L15-H16 XRF\XRF data\L000038.spe,416,76,7.6,6.7,1,0.018546,-0.012284,0.010406,0.119708,8237,1.48,4.073968943,0,0,0.813557933,0,0,0,0.733636624,3.178408951,23.05217427,0.256158039,12.34271896,0.543055043,0,29.40489364,0.057379401,0,0.131152916,0.108611009,0,0,0,0,0.030738965,0.993893192,0.168039674,0.434444035,0.315586704,0,0.715193246,0.354522726,0,0,0.606582237,0.338128612,0,0.0286897,0.061477929,0.116808066,0.016394115,0.346325669,0.086069101,0.141399238,0.012295586,0.043034551,0.022541907,7.51465224,17.03143571,24.54608795,100,95.21291856,97.30931596,-1.35668559,0.624693762,-2.519191862
Data\BAS_sjro\June 2014\Cr_HE-tube\Potter Cove\L15\L15-H16 XRF\XRF data\L000039.spe,418,78,7.8,6.72,1,0.018546,-0.012284,0.01043,0.119708,8294,1.51,4.441519167,0.016020506,0.024030759,0.907161166,0,0,0,0.770986863,3.025873118,23.56616469,0.24431272,12.05142583,0.176225569,1.231576418,28.69072413,0.204261455,0.150192246,0.170217879,0.026033323,0,0,0.01201538,0.090115348,0.066084588,1.205543095,0.166212752,0.26233579,0.214274271,0,0.682874079,0.264338353,0,0.354453701,1.127443127,0.212271708,0.062079462,0.164210189,0.330422941,0.048061519,0.174223005,0.290371676,0.192246075,0.144184556,0.044056392,0.062079462,0.060076898,5.118551746,17.39626722,22.51481897,100,92.60853893,95.97284524,-1.381983295,0.670629005,-2.302252812
Data\BAS_sjro\June 2014\Cr_HE-tube\Potter Cove\L15\L15-H16 XRF\XRF data\L000040.spe,420,80,8,6.73,1,0.018546,-0.012284,0.01043,0.119708,8347,1.42,4.371737411,0,0.014071483,0.908615768,0,0.020102119,0,0.775941784,3.3851968,24.1707876,0.088449323,12.02106702,0.375909621,0.038194026,29.44357335,0.158806738,0.028142966,0.219113095,0.044224661,0.028142966,0,0.014071483,0,0.114582077,1.067422506,0.138704619,0.305552205,0.162827162,0,0.570900173,0.361838138,0,0.182929281,0.892534073,0.361838138,0,0.176898645,0,0.142725043,0.044224661,0.45028746,0.116592289,0.227153942,0.024122543,0,0.050255297,6.155268765,16.71893218,22.87420094,100,94.55835645,97.51537812,-1.267248652,0.698484084,-2.421413826
Data\BAS_sjro\June 2014\Cr_HE-tube\Potter Cove\L15\L15-H16 XRF\XRF data\L000041.spe,422,82,8.2,6.76,1,0.018549,-0.012284,0.01043,0.119708,8330,1.32,4.434708059,0.030524409,0,0.899452596,0,0,0.022384567,0.781424879,3.207097943,24.01457032,0.252335117,13.01357319,0.044769134,0.525019841,29.67990069,0.150587086,0.071223622,0.079363464,0,0,0,0.018314646,0,0.181111495,1.210801571,0.215705826,0.35815307,0.217740787,0,0,0.138377322,0.411062046,0.409027085,0.724445982,0.156691968,0,0,0.19535622,0,0,0.175006614,0,0.044769134,0.040699212,0.105817952,0.075293543,5.663295415,16.88610325,22.54939867,100,95.2300523,97.48478867,-1.400626444,0.612667839,-2.374710308
Data\BAS_sjro\June 2014\Cr_HE-tube\Potter Cove\L15\L15-H16 XRF\XRF data\L000042.spe,424,84,8.4,6.77,1,0.018548,-0.012284,0.010413,0.119708,8633,1.4,4.557335211,0,0.028965917,0.965530559,0,0.009655306,0.0347591,0.753113836,3.284734962,24.02626243,0.200830356,12.16761611,0.297383412,1.187602588,30.06082843,0.193106112,0.044414406,0.164140195,0.150622767,0,0,0,0.063725017,0.067587139,1.01960027,0.243313701,0.337935696,0.20662354,0,0.392005407,0.208554601,0,0.154484889,0.74345853,0.133243217,0.067587139,0.028965917,0.152553828,0,0.021241672,0.25876219,0,0.08689775,0.021241672,0.102346239,0.177657623,6.06160085,15.88104664,21.94264748,100,94.17591967,96.0316694,-1.309492038,0.680369495,-2.479367346
Data\BAS_sjro\June 2014\Cr_HE-tube\Potter Cove\L15\L15-H16 XRF\XRF data\L000043.spe,426,86,8.6,6.78,1,0.018547,-0.012284,0.010506,0.119708,8711,1.38,4.539580249,0,0.030693677,1.041666667,0,0.021101903,0.042203806,0.711709638,3.132673419,24.42641191,0.222529159,13.20595457,0.067142419,0,30.10857888,0.105509515,0.013428484,0.138121547,0.120856354,0.015346839,0,0,0.040285451,0.026856967,1.139502762,0.120856354,0.360650706,0.31461019,0,0.090162676,0.084407612,0.289671578,0.391344383,0.53330264,0.216774095,0,0.170733579,0.151550031,0.138121547,0.013428484,0.26665132,0.049877225,0.122774708,0.028775322,0.017265193,0,5.601596071,16.42687231,22.02846839,100,95.89663904,98.32527624,-1.438781064,0.61499717,-2.450075838
Data\BAS_sjro\June 2014\Cr_HE-tube\Potter Cove\L15\L15-H16 XRF\XRF data\L000044.spe,428,88,8.8,6.79,1,0.018547,-0.012284,0.010543,0.119708,8627,1.38,4.506275426,0,0.023049884,1.056453007,0,0.009604118,0.051862239,0.754883694,3.321104089,23.90465031,0.401452143,12.08005993,0.351510728,0.211290601,30.20111024,0.24202378,0,0.192082365,0.161349187,0.040337297,0,0.023049884,0,0.105645301,1.148652542,0.053783062,0.176715776,0.270836135,0,0.582009566,0.230498838,0,0.170953305,0.793300167,0.272756958,0.024970707,0.136378479,0,0,0.015366589,0.411056261,0.084516241,0.176715776,0.072991299,0.055703886,0,5.468584929,16.72269069,22.19127562,100,94.54294001,96.85945333,-1.291258869,0.68251686,-2.352966601
Data\BAS_sjro\June 2014\Cr_HE-tube\Potter Cove\L15\L15-H16 XRF\XRF data\L000045.spe,430,90,9,6.8,1,0.018549,-0.012284,0.010567,0.119708,8881,2.32,4.482375086,0,0.040083985,1.044092384,0,0,0.017178851,0.702424127,3.193357511,24.97804925,0.253865241,12.77343004,0.34548578,0,29.78812751,0,0,0.169879748,0.116434434,0.051536553,0,0,0,0.043901508,1.05363619,0.022905135,0.454285169,0.313036839,0,0.605077305,0.160335942,0,0.066806642,0.313036839,0.341668257,0,0,0,0.240503913,0.091620538,0.509639244,0,0,0,0,0,6.230196602,16.07940447,22.30960107,100,96.07749571,97.80110708,-1.386294361,0.670630173,-2.495120016
Data\BAS_sjro\June 2014\Cr_HE-tube\Potter Cove\L15\L15-H16 XRF\XRF data\L000046.spe,432,92,9.2,6.8,1,0.018546,-0.012284,0.010567,0.119708,8704,1.46,4.463420895,0.026838433,0.047925773,0.983436853,0,0.06326202,0.036423587,0.753393145,3.293459091,24.27152826,0.285637604,12.3322598,0.412161644,0,30.2545817,0,0,0.093934514,0,0,0,0,0.067096082,0.115021854,1.077371367,0.065179051,0.285637604,0.253048079,0,0.577026302,0.337397439,0,0,0.632620198,0.391074304,0,0,0,0.120772947,0,0.350816655,0.046008742,0.138026225,0.009585155,0.12844107,0.145694349,5.866114562,16.5382256,22.40434016,100,95.24959742,97.26631393,-1.320280169,0.67708541,-2.437694422
Data\BAS_sjro\June 2014\Cr_HE-tube\Potter Cove\L15\L15-H16 XRF\XRF data\L000047.spe,434,94,9.4,6.81,1,0.018548,-0.012284,0.010614,0.119708,8745,1.42,4.497003425,0,0.015230842,1.043312708,0,0.02855783,0.06092337,0.708234174,3.63065207,23.20418848,0.220847216,12.29128986,0.310328415,0.89671585,30.25035697,0.068538791,0.036173251,0.180866254,0.253212756,0,0,0,0.074250357,0.041884817,0.957639219,0.12565445,0.458829129,0.295097573,0,0.237981913,0.12184674,0.076154212,0.274155164,0.873869586,0.12184674,0,0,0.009519277,0.116135174,0.038077106,0.316039981,0,0.089481199,0.097096621,0.081865778,0.156116135,4.780580676,17.45644931,22.23702999,100,94.54926226,96.58638743,-1.219478604,0.63544193,-2.55217504
Data\BAS_sjro\June 2014\Cr_HE-tube\Potter Cove\L15\L15-H16 XRF\XRF data\L000048.spe,436,96,9.6,6.82,1,0.018546,-0.012284,0.010545,0.119708,8737,1.44,4.796602471,0,0.066286623,1.102251851,0,0.034090263,0.09658908,0.799227287,3.939319331,23.2666048,0.236737941,12.12477036,0.079543948,1.734815628,30.55434556,0.049241492,0,0.058711009,0.123103729,0,0.018939035,0,0,0.024620746,0.95642128,0.19317816,0.251889169,0.196965967,0,0.202647677,0.204541581,0.208329388,0.416658775,1.115509176,0.020832939,0,0,0,0.111740308,0.109846404,0.501884434,0.174239124,0.089013466,0.089013466,0,0,3.704475294,17.1436147,20.84809,100,93.29936933,96.25196492,-1.124242548,0.651768564,-2.539807291
Data\BAS_sjro\June 2014\Cr_HE-tube\Potter Cove\L15\L15-H16 XRF\XRF data\L000049.spe,438,98,9.8,6.83,1,0.018547,-0.012284,0.010522,0.119708,8776,1.47,4.408787727,0,0.015128879,0.937990507,0,0.073753286,0.291230923,0.7072751,4.113164016,21.68913936,0.209913198,11.94235897,0.310142022,0.888821649,31.34703758,0,0,0.115357703,0.251517616,0,0.064297736,0,0.017019989,0.143724352,0.962574935,0.162635451,0.274210934,0.107793264,0,0.304468693,0.260973165,0,0.069971066,0.71105732,0.289339814,0,0.090773275,0,0.122922143,0.056733297,0.451975264,0.064297736,0.119139923,0.037822198,0.064297736,0.049168857,5.788687381,16.89328467,22.68197205,100,94.17159931,96.40878231,-1.065899091,0.596719988,-2.518235018
Data\BAS_sjro\June 2014\Cr_HE-tube\Potter Cove\L15\L15-H16 XRF\XRF data\L000050.spe,440,100,10,6.83,1,0.018547,-0.012284,0.010434,0.119708,8735,1.46,4.545117322,0,0.075920056,1.036308767,0,0.034164025,0.146146108,0.812344601,4.145235067,21.84599617,0.193596143,11.95551085,0.332150246,0.766792567,31.57704937,0,0,0.093002069,0.151840112,0,0,0,0.077818058,0.142350105,0.964184713,0.1347581,0.438438324,0.235352174,0,0.394784292,0.18980014,0,0.195494145,0.772486572,0.208780154,0,0.070226052,0,0.199290147,0.110084081,0.43274432,0.064532048,0.045552034,0.056940042,0.066430049,0.032266024,5.422590013,16.57904227,22.00163228,100,94.29270978,96.58169947,-1.059232833,0.602825332,-2.517664722
Data\BAS_sjro\June 2014\Cr_HE-tube\Potter Cove\L15\L15-H16 XRF\XRF data\L000051.spe,442,102,10.2,6.83,1,0.018551,-0.012284,0.010434,0.119708,8706,1.35,4.577713112,0,0.056089444,1.144224657,0,0,0.151441499,0.738511012,4.12444378,23.07519725,0.164529036,11.47216094,0.514153236,1.798601503,29.73488389,0.071046629,0,0.153311147,0,0.044871555,0,0,0.024305426,0.138353962,1.08065662,0.127136073,0.22996672,0.246793553,0,0.28044722,0.196313054,0.026175074,0.028044722,0.753468197,0.31036159,0.192573758,0.20005235,0,0.138353962,0,0.523501477,0.108439592,0.203791646,0.033653666,0.069176981,0,5.03496242,16.81000636,21.84496878,100,93.10660734,95.78768276,-1.022992143,0.698835016,-2.362354474
Data\BAS_sjro\June 2014\Cr_HE-tube\Potter Cove\L15\L15-H16 XRF\XRF data\L000052.spe,444,104,10.4,6.82,1,0.018552,-0.012284,0.010434,0.119708,8454,1.34,4.66902687,0,0.015553914,0.97017537,0,0.036940545,0.118598592,0.802970798,3.563790489,26.51359023,0.32468795,10.2169771,0.143873702,1.207372555,29.36384493,0.066104133,0,0.128319788,0.104988918,0,0,0,0,0.033052067,1.353190497,0.176925769,0.318855232,0.186646965,0,0.103044679,0.178870008,0.246918381,0.266360773,0.904071237,0.190535443,0.029163588,0,0.046661741,0.157483377,0.046661741,0.495781001,0.087490765,0.141929463,0,0,0.040829024,4.322043784,17.09569545,21.41773924,100,94.03312984,96.82505736,-1.053226035,0.953606683,-2.021585623
Data\BAS_sjro\June 2014\Cr_HE-tube\Potter Cove\L15\L15-H16 XRF\XRF data\L000053.spe,446,106,10.6,6.82,1,0.018545,-0.012284,0.010434,0.119708,8522,1.78,4.698601526,0.021259736,0.061846505,0.906437835,0,0.01159622,0.189404921,0.662917222,3.040142247,28.66585493,0.417463907,9.211263795,0.487041225,1.36448851,28.91710636,0,0,0.123693009,0.127558416,0,0,0,0,0.077308131,1.229199281,0.081173537,0.274443865,0.20679925,0,0.583676388,0.268645755,0,0,0.865851066,0.123693009,0,0.085038944,0,0.177808701,0,0.311165227,0,0.092769757,0,0.056048395,0.075375428,4.94385497,16.33907346,21.28292843,100,93.857869,95.78284146,-1.108522755,1.13527963,-2.014064094
Data\BAS_sjro\June 2014\Cr_HE-tube\Potter Cove\L15\L15-H16 XRF\XRF data\L000054.spe,448,108,10.8,6.81,1,0.018542,-0.012284,0.010473,0.119708,8612,1.62,4.654778887,0,0.021069568,1.036239657,0,0,0.07661661,0.697211155,2.951654919,28.85764634,0.270073552,9.90844315,0.503754214,0.434799264,29.19667484,0.044054551,0.063208704,0.045969966,0.120671162,0,0,0,0,0.024900398,1.287159056,0.197287772,0.235596077,0.1130095,0,0.168556543,0.049800797,0.040223721,0.166641128,0.69529574,0.139825314,0,0.321789764,0,0.086193687,0.174302789,0.354351823,0.080447441,0,0,0.084278272,0.068954949,5.520226785,15.96307079,21.48329758,100,95.11569108,97.22456329,-1.211021235,1.068987758,-2.040949729
Data\BAS_sjro\June 2014\Cr_HE-tube\Potter Cove\L15\L15-H16 XRF\XRF data\L000055.spe,450,110,11,6.81,1,0.018543,-0.012284,0.010477,0.119708,8705,1.64,4.576568027,0,0.035817294,0.982147907,0,0.041472656,0.107451882,0.650366656,2.987916376,28.69719306,0.352517579,8.630082757,0.2544913,0.676758346,30.18832356,0,0,0.090485796,0,0.030161932,0,0,0,0.054668502,1.183855826,0.094256037,0.092370916,0.286538353,0,0.967066941,0.213018644,0,0.060323864,0.625860086,0.226214489,0,0,0,0.167775746,0.030161932,0.288423474,0.011310724,0.064094105,0,0.041472656,0.016966087,6.458423662,15.39201086,21.85043452,100,94.98934907,96.67653213,-1.060677814,1.201545221,-1.986477334
Data\BAS_sjro\June 2014\Cr_HE-tube\Potter Cove\L15\L15-H16 XRF\XRF data\L000056.spe,452,112,11.2,6.8,1,0.018546,-0.012284,0.010351,0.119708,8761,1.55,4.889359352,0,0.058360631,1.010956738,0,0,0.048947626,0.721036184,2.869083926,29.96536014,0.186377499,9.264279529,0.400994013,0.813283633,29.66602658,0,0,0.176964494,0.158138484,0,0,0,0,0.122369065,1.120147596,0.067773636,0.297450958,0.11295606,0,0.105425656,0.135547272,0,0.133664671,0.724801386,0.199555706,0,0.120486464,0.090364848,0.374637599,0,0.297450958,0,0.156255883,0,0.077186641,0.071538838,5.092435709,15.36014157,20.45257728,100,94.93580331,97.16856809,-1.172173305,1.173875959,-2.112705635
Data\BAS_sjro\June 2014\Cr_HE-tube\Potter Cove\L15\L15-H16 XRF\XRF data\L000057.spe,454,114,11.4,6.83,1,0.018543,-0.012284,0.010351,0.119708,8695,2.02,5.110646785,0,0.011150344,0.93848727,0,0,0.074335625,0.64486155,2.943690764,30.19513102,0.20442297,8.88682401,0.386545252,1.810072477,28.7697454,0,0,0.063185282,0.258316298,0,0,0,0,0.198847798,1.204237131,0.094777922,0.17654711,0.345660658,0,0.7340643,0.249024345,0,0,0.892027504,0.250882736,0,0.148671251,0,0.042742985,0,0.47017283,0.144954469,0.131945735,0.076194016,0.085485969,0,4.857833117,14.70916187,19.56699498,100,93.09050362,95.42092548,-1.104905576,1.223110955,-1.998723452
Data\BAS_sjro\June 2014\Cr_HE-tube\Potter Cove\L15\L15-H16 XRF\XRF data\L000058.spe,456,116,11.6,6.83,1,0.018541,-0.012284,0.010351,0.119708,8522,1.5,4.724074415,0,0.021445003,0.924084688,0,0,0.046789098,0.697937381,2.96720864,29.82025188,0.339220962,9.102429134,0.204702304,0.55562054,29.6720864,0.017545912,0.06433501,0.187156393,0.218349125,0.017545912,0,0,0.054587281,0.091628651,1.237961555,0.06433501,0.304129138,0.202752759,0,0.538074629,0.1150232,0,0.171560027,0.243693219,0.290482318,0,0.138417749,0,0.118922291,0.027293641,0.189105938,0,0.079931376,0.048738644,0.040940461,0.017545912,7.004717901,14.16344992,21.16816782,100,95.58622841,96.96065817,-1.120919657,1.18664644,-1.995075196
Data\BAS_sjro\June 2014\Cr_HE-tube\Potter Cove\L15\L15-H16 XRF\XRF data\L000059.spe,458,118,11.8,6.83,1,0.018537,-0.012284,0.010322,0.119708,8724,2.42,4.758243777,0,0,0.980638187,0,0,0.14864004,0.665984595,2.845395054,31.8475764,0.14091848,9.352740189,0.160222381,0,28.54660927,0,0.083006776,0.081076386,0,0,0,0,0,0,1.108043936,0.133196919,0.357122174,0.154431211,0,0.052120534,0.021234291,0.092658726,0.233577206,0.523135726,0.083006776,0,0.494179874,0.138988089,0.347470224,0.196899793,0.117753798,0,0,0,0,0.077215605,6.256394417,14.75976295,21.01615737,100,96.28979017,98.53869467,-1.189967452,1.225291916,-2.133073128
Data\BAS_sjro\June 2014\Cr_HE-tube\Potter Cove\L15\L15-H16 XRF\XRF data\L000060.spe,460,120,12,6.82,1,0.018544,-0.012284,0.010256,0.119708,8758,1.98,4.895379169,0,0.024739757,1.037166727,0,0,0.125601842,0.706034598,3.050602318,31.28818011,0.262622034,8.451481531,0.388223876,0.268331208,28.52493958,0,0,0.13892325,0.039964223,0,0,0,0,0.019030582,1.375911089,0.146535483,0.359678003,0.182693589,0,0.780253868,0.169372181,0,0.112280435,0.787866101,0.173178298,0,0.251203684,0,0.173178298,0,0.367290235,0,0.163663006,0.055188688,0,0.148438541,6.05362818,14.37379869,20.42742687,100,94.83700306,97.0350353,-1.019002703,1.308898639,-1.815225633
Data\BAS_sjro\June 2014\Cr_HE-tube\Potter Cove\L15\L15-H16 XRF\XRF data\L000061.spe,462,122,12.2,6.82,1,0.018548,-0.012284,0.01021,0.119708,8612,1.49,4.707801677,0,0.019359585,0.882797073,0,0,0.090990049,0.675649514,3.023967166,29.31234754,0.336856778,9.646881171,0.38525574,0.127773261,29.68017966,0.054206838,0,0.096797925,0.224571185,0.009679792,0,0,0,0.114221551,1.182870639,0.214891393,0.3078174,0.379447865,0,0,0.127773261,0.104541759,0,0.416231076,0.365896155,0,0,0,0.065822589,0,0.516900918,0.127773261,0.18004414,0.013551709,0.030975336,0.042591087,6.758431099,14.48290549,21.24133659,100,95.75444302,97.65942618,-1.160065068,1.111374177,-2.098690439
Data\BAS_sjro\June 2014\Cr_HE-tube\Potter Cove\L15\L15-H16 XRF\XRF data\L000062.spe,464,124,12.4,6.81,1,0.01855,-0.012284,0.010163,0.119708,8552,1.6,4.585486186,0,0.037168176,0.921379526,0,0,0.058686594,0.856824273,2.877599327,29.34916567,0.381462861,9.086640975,0.373637982,0.579041061,29.30808506,0,0.09976721,0.131066727,0,0,0,0,0,0.117373188,1.27545531,0.056730374,0.201490639,0.336469806,0,0.424499697,0.252352354,0,0.011737319,0.58686594,0.322776267,0,0,0.052817935,0.136935386,0.09976721,0.221052837,0,0,0.013693539,0,0.021518418,6.216866527,15.59107181,21.80793834,100,95.29529138,96.97959663,-1.149848931,1.172458809,-1.963502089
Data\BAS_sjro\June 2014\Cr_HE-tube\Potter Cove\L15\L15-H16 XRF\XRF data\L000063.spe,466,126,12.6,6.81,1,0.018552,-0.012284,0.010113,0.119708,8361,1.3,4.470841944,0,0.02813731,0.910442962,0,0,0.068333467,0.78985449,2.89613313,29.92603907,0.241176943,9.245116167,0.460246,0.040196157,28.13931988,0.038186349,0,0.170833668,0.048235389,0.012058847,0.034166734,0.088431546,0.106519817,0,1.31642415,0.034166734,0.41402042,0.164804245,0,0,0.138676743,0.192941555,0,0.55470697,0.37583407,0,0,0,0.192941555,0.078382507,0.590883512,0.106519817,0.144706166,0,0.014068655,0.070343275,6.131923788,16.23522791,22.3671517,100,95.55028539,97.92587829,-1.160718986,1.174633543,-1.949176347
Data\BAS_sjro\June 2014\Cr_HE-tube\Potter Cove\L15\L15-H16 XRF\XRF data\L000064.spe,468,128,12.8,6.8,1,0.018555,-0.012284,0.010113,0.119708,8857,2.46,4.855901189,0,0.081017428,1.023080546,0,0,0.128120584,0.631182289,3.086198775,31.24634951,0.288271314,9.571361281,0.275082431,0.406971267,28.03768252,0,0,0.216674517,0.148845973,0,0,0,0,0.186528497,1.156853509,0.065944418,0.425812529,0.224211022,0,0,0.041450777,0.237399906,0.150730099,0.337258596,0.359868111,0.024493641,0,0,0.295807819,0,0.678285445,0,0.081017428,0,0,0,5.494112106,15.09938766,20.59349976,100,95.58172398,97.7880358,-1.131835276,1.183127114,-2.113071612
Data\BAS_sjro\June 2014\Cr_HE-tube\Potter Cove\L15\L15-H16 XRF\XRF data\L000065.spe,470,130,13,6.81,1,0.018544,-0.012284,0.010143,0.119708,8591,1.34,4.657419122,0,0.019402782,0.942975223,0,0,0.141640311,0.727604338,3.094743786,29.19536662,0.345369526,9.584974485,0.39581676,0.046566678,29.17984439,0,0.019402782,0.122237529,0.190147267,0,0,0.031044452,0.027163895,0.06596946,1.282523914,0.077611129,0.3744737,0.128058364,0,0.227012554,0.190147267,0.040745843,0.188206989,0.490890394,0.256116727,0,0.236713945,0.044626399,0.225072275,0.009701391,0.347309804,0.023283339,0.114476416,0.067909738,0,0.073730573,6.276800093,15.19431887,21.47111896,100,95.37631696,97.54360775,-1.130491595,1.113813305,-2.01136677
Data\BAS_sjro\June 2014\Cr_HE-tube\Potter Cove\L15\L15-H16 XRF\XRF data\L000066.spe,472,132,13.2,6.8,1,0.018546,-0.012284,0.010126,0.119708,8528,1.42,4.785221123,0,0.029246607,1.009982842,0,0,0.124785525,0.725315863,2.951957573,29.29925129,0.187178287,9.62603338,0.313913586,1.38628919,29.10817345,0,0,0.035095929,0,0,0,0,0.140383715,0.046794572,1.292700047,0,0.154032132,0.241771954,0,0.033146155,0.13258462,0.140383715,0.060442989,0.935891437,0.101388239,0,0.352909063,0.044844798,0.18327874,0,0.282717205,0,0.081890501,0.079940727,0,0,4.763297457,16.13437841,20.89767587,100,94.61667447,96.93300577,-1.182002704,1.113090724,-2.007738148
Data\BAS_sjro\June 2014\Cr_HE-tube\Potter Cove\L15\L15-H16 XRF\XRF data\L000067.spe,474,134,13.4,6.8,1,0.018545,-0.012284,0.010108,0.119708,8519,1.47,4.928128872,0.017407787,0.019341986,1.050269821,0,0,0.044486567,0.686640491,2.885824259,29.61258003,0.243709019,8.792866676,0.239840622,1.032862034,29.29343726,0.052223361,0.131525502,0.063828553,0.071565347,0.110249318,0,0.056091758,0,0.044486567,1.230150287,0.116051914,0.239840622,0.166341077,0,0.547378194,0.179880467,0,0.104446723,0.866520957,0.179880467,0,0.382971316,0.232103828,0.133459701,0.220498636,0.328813756,0.208893445,0,0.025144581,0.030947177,0.065762751,5.700083171,14.59159397,20.29167714,100,93.62681573,96.46428502,-1.114130224,1.214258484,-1.966804441
Data\BAS_sjro\June 2014\Cr_HE-tube\Potter Cove\L15\L15-H16 XRF\XRF data\L000068.spe,476,136,13.6,6.8,1,0.018547,-0.012284,0.010108,0.119708,8306,1.41,4.473232825,0,0.032290616,0.770938446,0,0,0.020181635,0.789101917,2.68617558,28.84359233,0.224016145,9.223007064,0.326942482,0.722502523,29.09788093,0.042381433,0.012108981,0.161453078,0.165489405,0,0.014127144,0,0,0,1.350151362,0.121089808,0.24419778,0.205852674,0,0.316851665,0.153380424,0,0.129162462,0.611503532,0.288597376,0,0.15136226,0,0.171543895,0,0.456104945,0,0.187689203,0.028254289,0.096871847,0,6.427850656,15.92734612,22.35519677,100,94.93844601,97.08779011,-1.233582665,1.140186735,-1.921484424
Data\BAS_sjro\June 2014\Cr_HE-tube\Potter Cove\L15\L15-H16 XRF\XRF data\L000069.spe,478,138,13.8,6.8,1,0.018547,-0.012284,0.010108,0.119708,8546,1.36,4.435318814,0,0.017748329,0.840087558,0,0,0.100573863,0.733597586,2.754935021,28.3421089,0.244532529,9.256739435,0.114378118,0.518645605,28.81934173,0,0,0.122266264,0.086769607,0.08479757,0.013804256,0,0.033524621,0.007888146,1.147725256,0.209035871,0.250448638,0.301721588,0,0.027608511,0.134098484,0.18142736,0.356938611,0.506813386,0.352994537,0,0.439764144,0,0.23270031,0.061133132,0.625135578,0.183399397,0.18142736,0.088741643,0,0.080853497,5.969354552,16.576939,22.54629356,100,94.38166795,97.63750025,-1.211958017,1.118996772,-2.087569929
Data\BAS_sjro\June 2014\Cr_HE-tube\Potter Cove\L15\L15-H16 XRF\XRF data\L000070.spe,480,140,14,6.8,1,0.018549,-0.012284,0.010137,0.119708,8324,1.75,4.417507816,0,0.03639746,0.899826101,0,0,0,0.786589558,2.857200631,27.71868807,0.192097707,9.174182068,0.272980952,0.192097707,28.93395883,0.169854815,0,0.117280705,0.129413192,0.038419541,0.034375379,0.052574109,0.074817002,0.016176649,1.249646136,0.151656084,0.277025114,0.279047195,0,0.082905326,0.155700247,0,0.329599224,0.851296154,0.309378412,0.068750758,0.252760141,0,0.163788571,0.115258624,0.73603753,0.222428924,0.242649735,0.03639746,0.08897157,0.052574109,6.187568245,16.44962996,22.6371982,100,94.14405306,97.59170138,-1.166550897,1.105713603,-1.993532822
Data\BAS_sjro\June 2014\Cr_HE-tube\Potter Cove\L15\L15-H16 XRF\XRF data\L000071.spe,482,142,14.2,6.8,1,0.018551,-0.012284,0.010175,0.119708,8236,1.61,4.750960799,0.014156285,0.038424203,0.916113897,0,0,0.008089306,0.918136224,2.993043197,28.31863776,0.222455913,9.092379874,0.287170361,0.984872998,29.45720757,0.044491183,0,0.151674486,0.252790811,0,0,0,0,0.0687591,1.263954053,0.135495874,0.339750849,0.307393626,0,0.173920078,0.182009384,0.111227957,0.200210322,0.96667206,0.226500566,0,0.244701505,0,0.226500566,0,0.537938845,0.064714448,0.202232648,0,0,0,5.092218088,15.95615596,21.04837405,100,93.88852936,96.85123766,-1.111146025,1.13608348,-1.973191742
Data\BAS_sjro\June 2014\Cr_HE-tube\Potter Cove\L15\L15-H16 XRF\XRF data\L000072.spe,484,144,14.4,6.8,1,0.018551,-0.012284,0.010156,0.119708,7845,1.64,4.471282455,0,0.015396797,0.787436213,0,0,0,0.873218371,2.826412106,28.73482316,0.224353335,9.198486715,0.127573465,0,29.17473166,0,0,0.094580327,0.250747844,0,0,0,0,0.013197255,1.29553053,0.145169805,0.314534577,0.323332747,0,0,0.134172092,0.200158367,0.444307584,0.811631181,0.171564315,0,0.171564315,0,0.250747844,0,0.576280134,0.178162942,0.213355622,0.054988562,0,0.028594052,5.87057892,16.49436917,22.36494809,100,95.11481612,98.26676051,-1.180030883,1.139070755,-1.960118696
Data\BAS_sjro\June 2014\Cr_HE-tube\Potter Cove\L15\L15-H16 XRF\XRF data\L000073.spe,486,146,14.6,6.8,1,0.018553,-0.012284,0.010156,0.119708,7399,1.37,4.39697216,0,0,0.83882149,0,0.011554015,0.060080878,0.949740035,2.930098209,28.0023108,0.249566724,9.294049682,0.242634315,0.457538995,28.3073368,0,0,0.16175621,0.187175043,0.043905257,0.039283651,0.030040439,0,0.233391103,1.370306181,0.11554015,0.221837088,0.291161179,0,0.041594454,0.235701906,0.18486424,0.256499133,0.65395725,0.194107452,0.055459272,0.06932409,0,0.305025997,0,0.651646447,0.129404968,0.214904679,0.136337377,0.032351242,0.057770075,5.807047949,16.93587522,22.74292317,100,94.16060081,97.11149624,-1.154338435,1.102912659,-1.914340171
Data\BAS_sjro\June 2014\Cr_HE-tube\Potter Cove\L15\L15-H16 XRF\XRF data\L000074.spe,488,148,14.8,6.8,1,0.018554,-0.012284,0.010132,0.119708,8602,1.57,4.733016494,0,0.02559559,0.982476866,0,0,0,0.6497342,3.047844064,28.79503839,0.12994684,10.54538295,0.313053751,0.378027171,28.6769049,0.110257925,0,0.118133491,0,0,0,0,0.055128962,0.059066745,1.518015357,0.165386887,0.167355779,0.252018114,0,0,0.167355779,0.379996062,0.192951368,0.81905887,0.224453633,0.041346722,0,0,0.061035637,0,0.525694034,0.055128962,0.171293562,0.098444576,0.102382359,0.043315613,4.528450482,16.59972436,21.12817484,100,95.23134475,97.86965938,-1.241253653,1.004514965,-1.938284333
Data\BAS_sjro\June 2014\Cr_HE-tube\Potter Cove\L15\L15-H16 XRF\XRF data\L000075.spe,490,150,15,6.8,1,0.018556,-0.012284,0.010132,0.119708,8593,2.58,4.653681624,0,0.015646392,0.966164678,0,0,0.039115979,0.672794837,2.998239781,27.28143947,0.310972032,10.14668492,0.283590847,1.273225112,29.38979073,0,0,0.113436339,0,0,0.033248582,0,0.021513788,0.062585566,1.394484647,0.088010952,0.246430667,0.293369842,0,0.068452963,0.191668296,0.041071778,0.168198709,0.9250929,0.224916879,0,0,0,0.473303344,0,0.64736945,0,0.03716018,0.029336984,0.062585566,0.011734794,4.320359867,17.16800313,21.488363,100,94.31840407,97.02718561,-1.219121667,0.989059555,-1.984622125
Data\BAS_sjro\June 2014\Cr_HE-tube\Potter Cove\L15\L15-H16 XRF\XRF data\L000076.spe,492,152,15.2,6.81,1,0.018544,-0.012284,0.010132,0.119708,8603,1.54,4.699990794,0,0.015669069,0.897054215,0,0,0,0.656142275,3.092682545,28.86438421,0.248746474,10.02232842,0.287919148,0.417188969,28.88592918,0,0.011751802,0.180194296,0.027420871,0,0.039172673,0.05875901,0.047007208,0.088138515,1.467016609,0.13906299,0.166483861,0.280084613,0,0.428940771,0.189987465,0,0.105766217,0.699232216,0.235036039,0,0.127311188,0,0.327091821,0.088138515,0.4015199,0,0.035255406,0.109683485,0.041131307,0.041131307,5.523346913,15.7532905,21.27663742,100,95.13279536,97.34213413,-1.175776595,1.057793008,-1.921584625
Data\BAS_sjro\June 2014\Cr_HE-tube\Potter Cove\L15\L15-H16 XRF\XRF data\L000077.spe,494,154,15.4,6.81,1,0.018545,-0.012284,0.010102,0.119708,8552,1.56,4.529479057,0,0.056340217,0.965554757,0,0,0.031084258,0.76933538,3.034600664,27.07827405,0.200104909,9.511782876,0.203990442,1.105433917,28.82676355,0.169020652,0.03496979,0.153478523,0.093252773,0,0,0,0,0.095195539,1.299710528,0.130165329,0.460435568,0.291414917,0,0.70910963,0.06993958,0,0.169020652,0.573116003,0.392438754,0.151535757,0.157364055,0,0.083538943,0.085481709,0.522604084,0.157364055,0.126279797,0.060225749,0.077710644,0.075767878,6.345074117,15.73251996,22.07759408,100,93.6996095,96.18829289,-1.142451494,1.046200378,-1.990389764
Data\BAS_sjro\June 2014\Cr_HE-tube\Potter Cove\L15\L15-H16 XRF\XRF data\L000078.spe,496,156,15.6,6.8,1,0.018549,-0.012284,0.010069,0.119708,8436,1.39,4.605427586,0.010124737,0,1.02462336,0,0,0,0.716831362,3.324963551,27.92807387,0.277417787,10.29078244,0.332091366,0.12959663,29.84569901,0,0.050623684,0.097197473,0,0.058723473,0,0,0,0.135671473,1.25344241,0.125546736,0.265268103,0.253118419,0,0.078972947,0.214644419,0,0.105297262,0.854527782,0.020249474,0,0.295642313,0,0.159970841,0.066823263,0.228819051,0,0,0.103272315,0.038474,0,4.942896485,16.77061396,21.71351045,100,95.99667909,97.94265349,-1.129789874,0.998383829,-2.105354891
Data\BAS_sjro\June 2014\Cr_HE-tube\Potter Cove\L15\L15-H16 XRF\XRF data\L000079.spe,498,158,15.8,6.8,1,0.01855,-0.012284,0.010036,0.119708,8325,1.36,4.436445647,0.024401155,0.012200577,0.980113059,0,0,0.020334296,0.841839847,3.054211233,27.65870918,0.197242669,10.35422343,0.187075522,0.427020212,28.25043719,0.14844036,0,0.142340071,0.04676888,0.067103176,0,0,0,0.038635162,1.335963236,0.042702021,0.252145268,0.327382163,0,0,0.248078409,0.233844402,0.280613282,0.7767701,0.359917036,0,0.075236895,0.085404042,0.117938916,0,0.479889381,0.119972345,0.237911261,0.010167148,0,0.024401155,5.146610273,17.39395665,22.54056692,100,94.89609175,97.91166782,-1.220873127,0.98254616,-2.047741941
Data\BAS_sjro\June 2014\Cr_HE-tube\Potter Cove\L15\L15-H16 XRF\XRF data\L000080.spe,500,160,16,6.8,1,0.018552,-0.012284,0.010051,0.119708,8407,1.62,4.282740899,0,0,0.86598268,0,0,0.01799964,0.7699846,3.035939281,27.34745305,0.39199216,9.685806284,0.28799424,0,29.02141957,0,0,0.15399692,0.26799464,0.06199876,0,0,0,0.1899962,1.371972561,0.03199936,0.45199096,0.29199416,0,0,0.28599428,0.13399732,0.15799684,0.48799024,0.40399192,0,0,0.03799924,0.16799664,0,0.45199096,0.08599828,0.1899962,0,0,0,6.917861643,16.43167137,23.34953301,100,95.57608848,97.9800404,-1.160140684,1.037961856,-1.954412015
Data\BAS_sjro\June 2014\Cr_HE-tube\Potter Cove\L15\L15-H16 XRF\XRF data\L000081.spe,502,162,16.2,6.8,1,0.018553,-0.012284,0.010074,0.119708,8308,1.84,4.316932111,0,0.035038542,0.814130838,0,0,0,0.727565027,2.988581557,25.72447339,0.201986891,10.86813142,0.05771054,0.206109073,29.97238138,0,0,0.094810174,0.177253803,0,0,0,0,0.158703986,1.267570798,0.144276351,0.296797065,0.245269797,0,0,0.216414527,0.412218146,0.309163609,0.500845047,0.119543262,0,0.092749083,0,0.185498166,0,0.540005771,0.131909807,0.166948349,0.065954903,0.063893813,0.049466178,6.492435797,16.67216291,23.16459871,100,95.43674513,98.11204089,-1.291035904,0.861608027,-2.148732472
Data\BAS_sjro\June 2014\Cr_HE-tube\Potter Cove\L15\L15-H16 XRF\XRF data\L000082.spe,504,164,16.4,6.79,1,0.018548,-0.012284,0.010052,0.119708,7938,1.46,4.499669905,0,0.008383987,0.911758541,0,0,0,0.844686649,3.110459023,25.65290296,0.117375812,9.0002096,0.417103333,1.532173549,29.3104171,0.108991826,0.008383987,0.228463634,0.142527772,0,0.008383987,0,0,0.190735695,1.312093901,0.108991826,0.379375393,0.241039614,0,0.488367219,0.226367638,0,0.197023685,1.192622092,0.287151541,0.3123035,0.134143785,0.054495913,0.203311675,0.052399916,0.517711172,0.167679732,0.224271641,0,0.073359883,0.010479983,5.799622721,16.42422972,22.22385244,100,92.37057221,95.9400545,-1.062477555,1.047408875,-1.925623607
Data\BAS_sjro\June 2014\Cr_HE-tube\Potter Cove\L15\L15-H16 XRF\XRF data\L000083.spe,506,166,16.6,6.78,1,0.01855,-0.012284,0.010068,0.119708,8292,1.68,4.667140152,0,0.018261134,1.024652531,0,0,0,0.746677488,3.124682966,29.19955362,0.46667343,9.609414629,0.298265192,0.744648473,28.71056102,0,0,0.105508775,0.085218626,0,0,0.048696358,0,0.099421731,1.298569544,0.068986507,0.253626864,0.213046566,0,0.310439282,0.162321193,0,0.166379223,0.815663995,0.154205133,0,0,0,0.213046566,0.060870447,0.4626154,0,0.028406209,0.026377194,0.044638328,0.012174089,5.480369281,15.9460282,21.42639748,100,94.966014,97.02952217,-1.123410481,1.111410114,-2.00148
Data\BAS_sjro\June 2014\Cr_HE-tube\Potter Cove\L15\L15-H16 XRF\XRF data\L000084.spe,508,168,16.8,6.78,1,0.018547,-0.012284,0.010032,0.119708,8266,1.56,4.673058577,0,0.044913541,0.973807239,0,0,0,0.794153074,3.12149113,27.42788314,0.200069412,9.915685034,0.124533001,0.193944838,30.06349142,0,0,0.120449952,0,0,0,0,0.032664394,0.163321969,1.494396015,0.100034706,0.338893085,0.228650756,0,0.07961946,0.279688872,0.122491477,0.316436315,0.771696303,0.26131515,0,0.310311741,0.138823674,0.349100708,0.051038115,0.385848151,0.034705918,0.089827083,0,0.048996591,0.022456771,5.416164792,15.98309618,21.39926097,100,95.08400874,98.19529224,-1.155807036,1.017442279,-1.892395728
Data\BAS_sjro\June 2014\Cr_HE-tube\Potter Cove\L15\L15-H16 XRF\XRF data\L000085.spe,510,170,17,6.77,1,0.018548,-0.012284,0.010046,0.119708,8222,1.65,4.734108527,0,0.024561978,0.974291796,0,0,0.016374652,0.790076961,3.064106763,27.98018667,0.282462748,9.832978549,0.315212052,0.345914524,29.7425086,0,0,0.130997216,0.188308498,0.032749304,0,0.042983462,0,0.088013755,1.381611266,0.157606026,0.300884231,0.264041264,0,0.388897986,0.083920092,0,0.288603242,0.697969543,0.200589487,0,0.139184542,0,0.202636319,0.030702473,0.569019158,0.06754544,0.102341575,0.010234158,0.126903553,0.012280989,6.25716391,14.86613722,21.12330113,100,94.79490748,97.17741935,-1.165985799,1.045754747,-1.962491492
Data\BAS_sjro\June 2014\Cr_HE-tube\Potter Cove\L15\L15-H16 XRF\XRF data\L000086.spe,512,172,17.2,6.77,1,0.018546,-0.012284,0.010096,0.119708,8346,1.53,4.813661621,0.009951239,0.047765947,1.170265698,0,0,0,0.810030849,3.371479749,29.68255548,0.165190566,9.993034133,0.244800478,0.083590407,29.20887651,0,0.01791223,0.169171062,0,0,0,0,0.019902478,0.069658673,1.202109663,0.065678177,0.24281023,0.18907354,0,0.388098318,0.129366106,0,0.18907354,0.684645238,0.210966265,0,0.093541646,0.105483133,0.236839487,0,0.248780973,0,0.123395363,0,0,0.051746442,5.733903871,15.04030252,20.77420639,100,96.00358245,98.0256742,-1.086536521,1.088671252,-2.117810198
Data\BAS_sjro\June 2014\Cr_HE-tube\Potter Cove\L15\L15-H16 XRF\XRF data\L000087.spe,514,174,17.4,6.76,1,0.01855,-0.012284,0.010193,0.119708,7410,1.34,4.609736058,0,0.024507074,0.915673388,0,0,0,1.007017935,3.170324162,28.98072853,0.550295199,9.107719728,0.173777431,0.995878356,28.17422301,0.066837474,0.071293305,0.133674947,0.095800379,0.05792581,0,0.031190821,0.008911663,0.086888716,1.258772418,0.077977052,0.325275705,0.216107831,0,0.479001894,0.265121978,0,0.153726189,0.612676841,0.213879915,0.0423304,0.098028295,0.098028295,0.151498273,0,0.296312799,0.082432884,0.162637852,0,0.051242063,0.069065389,4.82566559,16.86755041,21.693216,100,93.97571572,96.15238944,-1.055288534,1.1575087,-1.978985401
Data\BAS_sjro\June 2014\Cr_HE-tube\Potter Cove\L15\L15-H16 XRF\XRF data\L000088.spe,516,176,17.6,6.76,1,0.018547,-0.012284,0.010217,0.119708,7943,1.68,4.520705521,0,0.029686175,1.002968617,0,0,0,0.803647159,3.038592027,28.13825276,0.237489398,9.128498728,0.555555556,0,30.42620865,0,0,0.04028838,0.048770144,0.031806616,0,0,0,0.023324852,1.418575064,0,0.235368957,0.133587786,0,0.807888041,0.18235793,0,0,0.655216285,0.184478372,0,0.055131467,0,0.205682782,0.008481764,0.335029686,0,0.023324852,0.014843087,0.042408821,0.072094996,7.296437659,14.82400339,22.12044105,100,95.68278202,97.33248516,-1.100006989,1.12572871,-1.861748357
Data\BAS_sjro\June 2014\Cr_HE-tube\Potter Cove\L15\L15-H16 XRF\XRF data\L000089.spe,518,178,17.8,6.76,1,0.018543,-0.012284,0.010217,0.119708,8949,1.55,4.823911111,0,0,1.018997955,0,0,0,0.665204813,2.845086513,29.61174888,0.245075457,9.884095893,0.311411671,0.816303967,29.53067129,0,0,0.106875012,0.07739225,0,0,0,0.00737069,0.11977372,1.194051853,0.057122851,0.265344856,0.224806059,0,0,0.152941827,0.105032339,0.163997862,0.646778087,0.158469845,0,0.24691813,0.012898708,0.263502184,0.040538797,0.287456928,0.058965524,0.066336214,0.016584054,0.009213363,0.058965524,5.782306658,14.94776023,20.73006689,100,95.4117452,97.61558164,-1.245333514,1.097244214,-2.113574548
Data\BAS_sjro\June 2014\Cr_HE-tube\Potter Cove\L15\L15-H16 XRF\XRF data\L000090.spe,520,180,18,6.76,1,0.018543,-0.012284,0.010258,0.119708,7934,1.54,4.593582375,0,0.043789228,1.105156703,0,0,0,0.886210564,3.11320558,27.71441083,0.28358738,9.54396647,0.350313823,0.869528953,29.46180954,0.191838522,0.050044832,0.056300436,0.127197281,0,0,0,0,0.183497717,1.303250829,0.12511208,0.227286945,0.181412515,0,0.360739829,0.127197281,0,0.070896845,0.940425798,0.150134495,0,0,0.085493254,0,0.043789228,0.262735367,0.095919261,0.081322852,0.014596409,0.108430469,0.070896845,5.571657944,16.1978439,21.76950185,100,94.47630169,96.33421607,-1.120256243,1.066043353,-1.991047391
Data\BAS_sjro\June 2014\Cr_HE-tube\Potter Cove\L15\L15-H16 XRF\XRF data\L000091.spe,522,182,18.2,6.76,1,0.018542,-0.012284,0.010258,0.119708,9014,1.37,4.817287421,0.012764406,0.023705325,1.199854121,0,0,0,0.656455142,3.158278629,28.73450036,0.207877462,9.192195478,0.457695113,0.990153173,29.82312181,0,0.10940919,0.118526623,0,0,0.029175784,0,0,0.054704595,1.241794311,0.102115244,0.304522247,0.257111597,0,0.654631656,0.202407002,0,0.03646973,0.599927061,0.273522976,0,0.092997812,0.113056163,0.15681984,0.056528082,0.262582057,0.020058352,0.025528811,0,0.04194019,0.030999271,5.457695113,15.30087527,20.75857039,100,94.78847557,96.62837345,-1.068327665,1.139743698,-2.001797448
Data\BAS_sjro\June 2014\Cr_HE-tube\Potter Cove\L15\L15-H16 XRF\XRF data\L000092.spe,524,184,18.4,6.75,1,0.018541,-0.012284,0.01028,0.119708,9243,1.74,5.127805938,0,0.052954882,1.023794394,0,0,0,0.630163101,3.111981925,29.58942314,0.307138318,8.474546353,0.480124267,1.493327685,29.85949305,0.0900233,0.01941679,0.088258137,0.102379439,0,0,0.044129069,0,0.128856881,1.593941961,0.171220787,0.418343571,0.23123632,0,0.847278119,0.125326555,0,0,0.877285886,0.178281438,0,0.037068418,0.1800466,0.065311022,0.017651627,0.12179623,0.008825814,0.072371673,0,0.056485208,0,5.233707548,14.26781049,19.50151804,100,93.89253689,95.57650215,-1.001807326,1.250349847,-1.670856955