filename,position_mm,Section_depth_cm,Strat_depth_cm,sample_surface,validity,E_gain,E_offset,F_slope,F_offset,kcps,MSE,Mg,Al,Si,P,S,Cl,Ar,K,Ca,Sc,Ti,V,Mn,Fe,Ni,Cu,Zn,Ga,Ge,As,Se,Br,Rb,Sr,Y,Zr,Mo,Cs,Ba,La,Ce,Pr,Nd,Sm,Gd,Tb,Dy,Ho,Er,Tm,Lu,Hf,Ac,Th,U,S1,D1,D2,D3,D4,D6,S2,Cra_+_Cra,Cra_+_Fea,Fex1,Fex2,Fex3,W_La_el,W_Lb1_el,W_Lb2_el,W_La_inel,W_Lb1_inel,W_Lb2_inel,Cr_inc,Cr_coh,inc&coh,inc_coh,coh_inc
Data/SSI/Potter Cove/L15-H2 XRF/XRF data/L000000.spe,312,0,0,6.59,0,0.018543,-0.012284,0.010373,0.119708,6197,1.57,0,14,90,0,23,0,269,465,3773,12,1954,177,0,6416,0,66,74,94,0,19,0,56,0,482,59,82,192,0,298,47,0,39,376,124,0,95,0,50,0,125,17,25,45,0,7,1337,58,59,0,0,14,771,11,9,138,60,271,103,119,112,18,7,0,5728,6410,12138,0.47190641,1.119064246
Data/SSI/Potter Cove/L15-H2 XRF/XRF data/L000001.spe,314,0.2,0.2,6.8,1,0.018543,-0.012284,0.010349,0.119708,5708,1.58,0,0,85,0,0,0,450,533,3971,0,2153,110,810,6661,103,84,58,0,0,0,0,0,0,489,12,93,133,0,126,110,0,72,541,74,42,95,115,0,6,88,26,30,31,0,63,340,0,48,11,0,0,118,0,76,140,69,220,98,70,102,34,125,0,4244,5451,9695,0.437751418,1.284401508
Data/SSI/Potter Cove/L15-H2 XRF/XRF data/L000002.spe,316,0.4,0.4,6.87,1,0.018544,-0.012284,0.010301,0.119708,5247,1.5,9,0,56,0,7,0,546,446,3010,28,1624,116,86,5513,0,0,60,70,0,14,6,37,0,404,54,84,137,0,67,71,16,55,432,145,0,79,0,130,31,256,31,63,50,0,28,754,134,39,0,0,397,317,0,0,39,55,229,99,92,24,29,9,43,3402,5600,9002,0.377916019,1.646090535
Data/SSI/Potter Cove/L15-H2 XRF/XRF data/L000003.spe,318,0.6,0.6,6.87,1,0.018546,-0.012284,0.010318,0.119708,4924,1.91,0,0,26,0,0,0,486,255,2440,0,1351,157,0,4538,0,0,80,106,12,0,0,0,48,380,108,137,250,0,80,70,0,0,342,121,0,0,0,69,13,105,0,28,0,27,0,770,68,31,0,0,121,404,0,0,42,28,212,35,0,14,47,0,27,3944,4934,8878,0.444244199,1.251014199
Data/SSI/Potter Cove/L15-H2 XRF/XRF data/L000004.spe,320,0.8,0.8,6.87,1,0.018549,-0.012284,0.010339,0.119708,5647,1.64,0,0,42,0,15,0,550,353,2747,0,1598,139,0,5533,0,0,30,165,0,0,78,108,65,424,29,17,127,0,153,40,0,6,505,80,0,67,0,90,37,158,17,0,58,0,10,840,121,17,0,0,207,580,11,0,84,17,195,119,68,96,18,0,69,4580,6329,10909,0.419836832,1.381877729
Data/SSI/Potter Cove/L15-H2 XRF/XRF data/L000005.spe,322,1,1,6.88,1,0.018546,-0.012284,0.010277,0.119708,5771,1.38,0,0,53,0,0,0,528,448,3326,54,1633,72,668,6197,45,7,36,11,0,17,0,34,0,335,7,143,160,0,239,81,0,70,677,0,0,127,0,0,22,143,87,27,11,0,44,379,34,0,10,6,0,58,0,0,180,48,106,75,87,55,36,38,43,3737,6119,9856,0.379159903,1.637409687
Data/SSI/Potter Cove/L15-H2 XRF/XRF data/L000006.spe,324,1.2,1.2,6.89,1,0.018547,-0.012284,0.010277,0.119708,5977,1.35,5,0,44,0,0,0,543,437,3112,30,1846,41,174,6015,15,0,96,91,0,5,50,0,42,452,8,124,231,0,80,69,56,79,567,59,15,143,23,95,72,176,35,40,57,0,17,755,50,37,0,0,229,335,0,89,47,49,130,137,96,122,16,0,74,4068,6288,10356,0.392815759,1.545722714
Data/SSI/Potter Cove/L15-H2 XRF/XRF data/L000007.spe,326,1.4,1.4,6.87,1,0.018546,-0.012284,0.010246,0.119708,5389,1.42,17,0,34,0,14,0,559,400,3196,44,1631,102,0,5097,0,32,60,0,34,0,0,127,18,464,72,173,250,0,61,80,15,71,381,135,0,0,0,84,0,116,41,64,0,16,43,764,78,0,0,0,193,505,0,0,29,67,285,128,52,56,6,31,60,3738,5299,9037,0.413632843,1.417602996
Data/SSI/Potter Cove/L15-H2 XRF/XRF data/L000008.spe,328,1.6,1.6,6.85,1,0.018548,-0.012284,0.010282,0.119708,5651,1.49,0,0,87,0,0,0,522,501,4211,63,1746,196,0,5792,0,25,97,109,39,15,0,190,36,473,103,126,279,0,282,132,0,0,301,106,0,55,17,96,0,82,0,38,43,60,31,812,37,63,5,12,0,405,0,0,37,38,219,104,49,0,28,0,41,3821,5622,9443,0.404638356,1.47134258
Data/SSI/Potter Cove/L15-H2 XRF/XRF data/L000009.spe,330,1.8,1.8,6.8,1,0.018551,-0.012284,0.01032,0.119708,6672,1.32,0,6,119,0,0,0,426,751,5245,22,3092,211,89,8065,17,16,63,19,70,13,23,54,90,551,75,94,197,0,0,86,107,28,433,124,0,63,0,73,73,182,55,33,37,23,82,770,98,0,0,0,106,361,14,0,151,59,222,116,57,21,19,34,105,3738,6767,10505,0.355830557,1.810326378
Data/SSI/Potter Cove/L15-H2 XRF/XRF data/L000010.spe,332,2,2,6.77,1,0.018552,-0.012284,0.010333,0.119708,6866,1.53,0,0,122,0,0,0,426,784,5602,24,2609,123,0,8140,0,0,36,113,11,0,0,10,60,483,18,110,228,0,41,94,31,72,531,127,0,145,0,101,149,251,124,0,12,0,29,1129,151,0,0,0,277,632,12,44,181,64,123,110,115,11,9,0,33,3914,7060,10974,0.356661199,1.803781298
Data/SSI/Potter Cove/L15-H2 XRF/XRF data/L000011.spe,334,2.2,2.2,6.76,1,0.01855,-0.012284,0.010471,0.119708,7168,1.48,0,0,191,0,20,0,430,737,5652,0,2490,67,0,7637,47,0,35,31,0,0,0,73,26,477,51,56,218,0,69,90,48,99,451,137,42,0,0,68,64,231,53,17,33,0,37,1134,92,5,10,0,173,705,0,0,119,20,284,115,44,0,0,20,52,4738,7215,11953,0.396385845,1.522794428
Data/SSI/Potter Cove/L15-H2 XRF/XRF data/L000012.spe,336,2.4,2.4,6.74,1,0.018552,-0.012284,0.010489,0.119708,6477,1.79,7,0,115,0,11,0,528,717,4766,41,2386,83,0,6585,0,0,56,48,0,0,0,73,113,456,60,184,217,0,146,69,14,88,468,93,0,85,0,120,0,230,70,81,19,5,0,1072,139,0,0,0,434,599,15,0,110,0,276,105,71,65,27,0,0,3632,6415,10047,0.361500946,1.766244493
Data/SSI/Potter Cove/L15-H2 XRF/XRF data/L000013.spe,338,2.6,2.6,6.72,1,0.018547,-0.012284,0.010489,0.119708,6430,1.29,14,0,145,0,17,0,484,550,4388,0,2313,216,0,5732,17,0,38,49,78,0,29,37,0,557,45,119,208,0,87,64,0,0,606,79,0,246,0,95,14,213,83,118,0,0,10,854,86,28,0,0,241,585,0,9,145,111,159,103,60,0,49,6,58,3503,7081,10584,0.330971277,2.02141022
Data/SSI/Potter Cove/L15-H2 XRF/XRF data/L000014.spe,340,2.8,2.8,6.69,1,0.018547,-0.012284,0.010489,0.119708,6615,1.29,0,0,124,0,0,0,448,650,4786,5,2235,119,185,6269,0,55,76,58,0,26,0,0,71,417,0,82,248,0,264,104,0,16,418,109,0,60,18,111,109,128,12,0,51,17,0,929,61,0,25,0,0,322,19,43,95,9,197,106,55,8,5,0,44,4371,7084,11455,0.381580096,1.620681766
Data/SSI/Potter Cove/L15-H2 XRF/XRF data/L000015.spe,342,3,3,6.68,1,0.018549,-0.012284,0.010502,0.119708,6351,1.61,0,0,126,0,19,0,441,610,4639,0,2437,92,0,6322,79,0,77,4,0,0,0,48,41,483,77,45,225,0,0,61,115,123,204,233,43,39,0,22,0,301,37,126,55,48,50,1329,112,126,0,0,466,819,0,0,172,137,379,101,26,15,26,18,34,4423,6120,10543,0.419520061,1.383676238
Data/SSI/Potter Cove/L15-H2 XRF/XRF data/L000016.spe,344,3.2,3.2,6.63,1,0.018546,-0.012284,0.010464,0.119708,6647,1.5,0,0,145,0,32,0,340,565,4877,27,2317,191,0,6394,13,0,44,30,0,0,0,7,62,462,78,202,276,0,241,96,0,0,433,164,0,167,0,81,48,250,48,34,16,22,50,1050,90,36,0,0,280,774,15,64,153,90,177,138,53,66,0,14,41,4149,5906,10055,0.412630532,1.423475536
Data/SSI/Potter Cove/L15-H2 XRF/XRF data/L000017.spe,346,3.4,3.4,6.66,1,0.018544,-0.012284,0.010426,0.119708,7685,1.33,0,0,166,0,17,0,381,769,6020,0,2753,208,0,7582,41,104,134,43,69,0,0,0,87,545,30,76,210,0,279,89,0,64,486,250,0,319,131,135,18,168,12,98,15,0,17,1271,79,145,27,0,8,1537,9,99,188,143,252,155,65,0,119,38,83,5514,7260,12774,0.431658055,1.316648531
Data/SSI/Potter Cove/L15-H2 XRF/XRF data/L000018.spe,348,3.6,3.6,6.69,1,0.018542,-0.012284,0.010414,0.119708,7308,1.54,0,0,180,0,33,0,429,736,5943,50,2709,124,152,7479,0,20,80,0,0,0,6,16,56,402,19,137,183,0,272,120,0,98,639,127,0,231,0,103,0,163,0,67,37,0,11,936,84,82,29,0,91,660,0,33,135,108,268,65,73,91,45,53,43,4960,7294,12254,0.404765791,1.470564516
Data/SSI/Potter Cove/L15-H2 XRF/XRF data/L000019.spe,350,3.8,3.8,6.68,1,0.018551,-0.012284,0.010414,0.119708,6912,1.18,17,0,192,0,34,0,412,802,6080,18,2969,224,559,7653,36,10,72,60,0,28,23,69,26,349,0,133,235,0,224,93,0,0,464,154,49,89,9,40,47,181,61,61,28,0,44,816,71,20,33,0,0,128,0,0,102,78,215,112,72,81,24,0,49,4307,7186,11493,0.374749848,1.668446715
Data/SSI/Potter Cove/L15-H2 XRF/XRF data/L000020.spe,352,4,4,6.69,1,0.018546,-0.012284,0.010368,0.119708,6751,1.58,0,0,139,0,22,0,394,631,5000,79,2605,129,65,7010,0,0,60,0,0,0,26,88,21,416,96,127,202,0,9,101,62,50,387,150,0,44,0,129,38,195,14,7,17,7,45,967,77,0,6,0,275,577,0,0,51,0,250,79,91,106,0,120,36,4803,6846,11649,0.41231007,1.425359151
Data/SSI/Potter Cove/L15-H2 XRF/XRF data/L000021.spe,354,4.2,4.2,6.69,1,0.018542,-0.012284,0.010335,0.119708,6844,1.24,0,0,113,0,9,0,420,735,5673,30,2555,96,0,7171,39,58,48,0,41,62,72,23,36,463,26,125,163,0,252,120,0,64,514,117,0,94,0,19,94,173,100,28,54,5,77,1141,69,0,70,36,40,848,0,47,175,110,97,139,98,9,17,187,13,4977,6602,11579,0.429829864,1.326501909
Data/SSI/Potter Cove/L15-H2 XRF/XRF data/L000022.spe,356,4.4,4.4,6.71,1,0.018543,-0.012284,0.010335,0.119708,6361,1.21,9,0,145,0,30,0,501,680,4906,58,2312,177,0,6480,0,27,80,23,63,37,0,114,5,513,37,121,189,0,180,80,0,16,411,210,0,88,0,141,48,183,43,45,55,0,11,1024,135,48,40,22,335,651,11,0,83,21,334,157,82,0,0,28,63,4068,6670,10738,0.378841497,1.639626352
Data/SSI/Potter Cove/L15-H2 XRF/XRF data/L000023.spe,358,4.6,4.6,6.69,1,0.018538,-0.012284,0.010335,0.119708,5956,2.07,0,0,145,0,12,0,508,614,4814,42,2334,43,0,6947,0,0,34,118,0,0,0,54,53,473,0,67,228,0,260,87,0,125,439,24,0,76,0,83,64,145,72,33,55,0,8,1001,83,0,0,0,0,634,0,0,71,21,115,74,49,70,25,0,35,4145,5331,9476,0.437420853,1.286127865
Data/SSI/Potter Cove/L15-H2 XRF/XRF data/L000024.spe,360,4.8,4.8,6.67,1,0.018535,-0.012284,0.010275,0.119708,5540,1.74,0,0,124,0,0,0,464,595,5052,0,2311,151,466,6527,11,42,64,20,0,0,0,26,30,483,38,172,147,0,249,30,0,9,427,75,41,75,59,74,0,57,0,24,0,0,13,508,19,117,0,0,0,67,0,0,41,6,291,51,16,0,32,0,0,3529,5400,8929,0.395229029,1.530178521
Data/SSI/Potter Cove/L15-H2 XRF/XRF data/L000025.spe,362,5,5,6.62,1,0.018533,-0.012284,0.010296,0.119708,6756,1.85,6,0,207,0,31,0,458,879,7544,89,2850,277,0,9919,23,0,56,127,0,0,0,0,42,466,35,125,133,0,475,136,0,0,350,210,0,99,0,22,0,184,74,70,5,13,30,1010,93,25,0,0,38,626,0,24,230,99,310,96,66,32,21,0,74,4757,6098,10855,0.43823123,1.281900357
Data/SSI/Potter Cove/L15-H2 XRF/XRF data/L000026.spe,364,5.2,5.2,6.65,1,0.018531,-0.012284,0.010328,0.119708,5850,1.72,7,0,205,0,12,0,461,731,6352,0,2858,105,238,8096,0,29,87,20,0,0,0,63,27,449,75,166,137,0,257,92,0,0,229,183,0,67,67,95,0,58,0,82,26,46,31,836,40,100,0,0,0,191,0,0,96,13,441,46,48,40,60,16,0,3526,5352,8878,0.397161523,1.517867272
Data/SSI/Potter Cove/L15-H2 XRF/XRF data/L000027.spe,366,5.4,5.4,6.66,1,0.018538,-0.012284,0.010328,0.119708,5872,1.53,0,0,106,0,19,0,470,633,5741,57,2703,209,375,7851,103,0,40,104,38,0,0,0,63,478,20,121,152,0,141,110,0,14,496,98,75,73,38,0,49,158,75,101,0,8,0,684,64,14,0,23,0,130,0,10,144,112,236,96,25,0,40,0,86,3560,5929,9489,0.375171251,1.665449438
Data/SSI/Potter Cove/L15-H2 XRF/XRF data/L000028.spe,368,5.6,5.6,6.65,1,0.018545,-0.012284,0.010265,0.119708,6076,1.19,0,0,140,0,0,0,431,673,5957,40,2994,182,151,8089,57,36,76,62,19,38,0,51,20,456,39,76,71,0,176,86,0,29,467,129,8,89,65,47,0,152,26,75,0,66,31,807,39,61,0,0,14,444,0,0,173,109,303,137,76,43,38,11,21,3405,6769,10174,0.334676627,1.987958884
Data/SSI/Potter Cove/L15-H2 XRF/XRF data/L000029.spe,370,5.8,5.8,6.66,1,0.018542,-0.012284,0.01029,0.119708,6824,1.52,0,0,184,0,0,0,375,910,8012,60,4178,135,96,9972,74,50,50,101,0,0,0,0,91,515,38,77,171,0,302,76,0,68,426,114,15,30,91,16,0,94,38,80,37,0,0,803,54,18,0,0,0,256,11,54,114,111,385,90,67,88,0,0,49,3835,7816,11651,0.329156296,2.038070404
Data/SSI/Potter Cove/L15-H2 XRF/XRF data/L000030.spe,372,6,6,6.68,1,0.018543,-0.012284,0.010323,0.119708,7684,1.59,0,0,256,0,0,0,376,1142,10418,69,5362,240,0,12351,0,0,49,0,12,0,5,0,0,490,64,167,79,0,444,198,0,19,239,212,9,0,0,146,28,241,29,59,5,0,0,961,143,26,0,28,358,514,0,66,55,21,551,112,106,5,0,101,0,4028,7506,11534,0.349228368,1.863455809
Data/SSI/Potter Cove/L15-H2 XRF/XRF data/L000031.spe,374,6.2,6.2,6.72,1,0.018543,-0.012284,0.010291,0.119708,7740,1.61,0,8,270,0,0,0,361,1273,10088,74,5125,142,245,12066,0,0,76,67,0,0,0,0,95,517,31,75,123,0,331,74,0,168,633,8,0,158,0,151,0,172,0,36,56,22,12,560,93,54,0,6,118,470,0,0,89,98,382,72,28,0,43,0,18,3423,7882,11305,0.302786378,2.302658487
Data/SSI/Potter Cove/L15-H2 XRF/XRF data/L000032.spe,376,6.4,6.4,6.75,1,0.018542,-0.012284,0.010274,0.119708,7260,1.71,0,0,246,0,0,0,383,1160,9122,55,4895,142,0,11409,129,0,84,111,15,0,0,8,68,474,51,137,97,0,153,110,0,78,290,134,6,187,169,0,86,137,21,70,21,15,0,929,0,28,0,0,0,527,11,0,220,150,270,76,15,10,50,0,38,3655,7125,10780,0.339053803,1.949384405
Data/SSI/Potter Cove/L15-H2 XRF/XRF data/L000033.spe,378,6.6,6.6,6.76,1,0.01854,-0.012284,0.010323,0.119708,7102,1.43,0,0,275,0,0,0,367,1208,9359,110,4697,173,344,11622,0,16,66,24,0,17,0,0,21,477,44,192,101,0,246,101,0,21,320,176,0,50,98,80,20,107,0,38,0,61,45,551,54,53,0,0,0,327,0,29,118,101,319,99,115,70,31,31,0,3894,6877,10771,0.361526321,1.766050334
Data/SSI/Potter Cove/L15-H2 XRF/XRF data/L000034.spe,380,6.8,6.8,6.76,1,0.018539,-0.012284,0.010339,0.119708,7384,1.55,0,0,273,0,12,0,391,1255,9457,34,5250,184,0,12870,12,29,42,39,28,18,42,0,0,407,57,144,91,0,121,86,28,89,301,166,0,136,51,119,84,164,57,72,24,0,58,834,95,0,8,22,0,610,0,0,186,81,343,114,45,0,50,0,65,3653,7571,11224,0.325463293,2.072543115
Data/SSI/Potter Cove/L15-H2 XRF/XRF data/L000035.spe,382,7,7,6.79,1,0.018538,-0.012284,0.01036,0.119708,6673,1.74,6,6,202,0,0,0,321,1026,8654,29,4281,305,0,11111,36,50,47,147,36,10,0,0,65,433,21,171,73,0,374,146,0,0,235,240,0,158,57,109,66,178,122,97,0,39,0,930,103,11,0,0,0,571,37,36,203,113,333,177,70,22,39,0,66,3635,6720,10355,0.351038146,1.84869326
Data/SSI/Potter Cove/L15-H2 XRF/XRF data/L000036.spe,384,7.2,7.2,6.82,1,0.018545,-0.012284,0.010453,0.119708,8037,1.41,0,0,274,0,0,0,369,1328,10720,14,5547,225,357,14059,19,0,53,106,27,0,4,0,41,543,80,134,84,0,319,146,0,49,425,120,7,119,0,48,69,226,73,65,53,48,57,659,101,0,0,15,22,33,0,9,181,87,390,117,98,24,0,0,37,3113,8616,11729,0.265410521,2.767748153
Data/SSI/Potter Cove/L15-H2 XRF/XRF data/L000037.spe,386,7.4,7.4,6.87,1,0.018547,-0.012284,0.01069,0.119708,7856,1.3,0,10,313,0,0,0,362,1295,10374,64,5728,36,0,13811,23,18,74,0,0,0,7,0,49,458,90,132,105,0,29,98,135,170,329,161,0,111,53,111,73,197,81,62,22,17,6,933,110,34,6,0,273,445,0,0,194,88,424,163,62,49,40,72,75,3136,8600,11736,0.267211997,2.742346939
Data/SSI/Potter Cove/L15-H2 XRF/XRF data/L000038.spe,388,7.6,7.6,6.88,1,0.018541,-0.012284,0.010717,0.119708,7527,2.08,0,0,307,0,0,0,357,1233,10096,133,5127,181,298,13181,0,0,0,17,11,9,22,5,74,432,46,93,100,0,584,152,0,8,320,103,0,0,0,111,5,123,45,17,36,0,11,616,95,0,0,0,0,342,0,13,81,0,464,70,54,10,0,4,67,3706,7266,10972,0.337768866,1.960604425
Data/SSI/Potter Cove/L15-H2 XRF/XRF data/L000039.spe,390,7.8,7.8,6.91,1,0.018538,-0.012284,0.010762,0.119708,7424,1.68,0,0,318,0,0,0,395,1264,10107,77,5137,65,197,12932,0,22,73,60,5,0,0,0,67,459,45,111,116,0,443,84,0,58,386,101,0,174,0,120,0,136,6,77,55,0,15,748,87,98,0,0,0,203,0,23,156,33,495,117,71,35,37,0,42,3317,7221,10538,0.31476561,2.176967139
Data/SSI/Potter Cove/L15-H2 XRF/XRF data/L000040.spe,392,8,8,6.94,1,0.018536,-0.012284,0.010762,0.119708,8442,1.84,0,17,453,0,10,0,416,1497,12078,80,5907,214,719,14860,0,0,7,18,0,0,10,32,21,569,52,190,172,0,359,71,0,18,559,62,0,45,0,71,52,219,85,17,0,0,6,388,113,0,0,0,0,32,0,0,251,23,463,86,84,60,0,13,19,2773,8646,11419,0.242840879,3.117922827
Data/SSI/Potter Cove/L15-H2 XRF/XRF data/L000041.spe,394,8.2,8.2,6.97,1,0.018536,-0.012284,0.010762,0.119708,7147,1.61,0,0,262,0,0,0,412,1212,9675,73,4914,239,356,12624,15,19,55,88,0,0,13,0,61,488,53,198,60,0,220,139,0,0,399,62,0,97,71,101,22,113,32,38,15,0,16,611,48,23,19,0,0,143,0,77,163,24,373,109,78,33,28,0,0,3046,7085,10131,0.300661336,2.326001313
Data/SSI/Potter Cove/L15-H2 XRF/XRF data/L000042.spe,396,8.4,8.4,6.98,1,0.018534,-0.012284,0.010762,0.119708,7804,2.3,0,0,338,0,5,0,423,1430,10674,35,5107,382,29,14153,105,0,36,63,0,0,0,25,0,506,42,208,107,0,764,124,0,0,448,198,0,171,0,0,38,226,120,93,0,15,26,821,106,12,0,0,0,728,0,0,283,194,374,122,63,106,0,18,51,4230,7145,11375,0.371868132,1.689125296
Data/SSI/Potter Cove/L15-H2 XRF/XRF data/L000043.spe,398,8.6,8.6,7.01,1,0.018532,-0.012284,0.010773,0.119708,7662,2.86,8,14,377,0,0,0,403,1401,10320,42,5140,347,0,13801,0,0,40,0,36,0,0,0,71,417,103,193,78,0,621,136,0,0,360,55,0,245,0,140,53,202,0,0,38,36,28,868,73,19,0,0,0,744,0,13,163,91,221,70,43,0,0,59,24,3677,7480,11157,0.329568881,2.034267066
Data/SSI/Potter Cove/L15-H2 XRF/XRF data/L000044.spe,400,8.8,8.8,7.04,1,0.018546,-0.012284,0.010773,0.119708,7876,1.43,0,11,349,0,0,0,389,1457,10656,141,5713,290,428,14327,47,45,83,126,0,7,0,0,21,515,62,170,116,0,144,186,0,0,307,262,51,0,107,67,41,161,78,118,43,0,36,673,125,32,0,0,0,195,0,0,236,61,621,159,27,57,46,0,65,3140,8234,11374,0.276068226,2.622292994
Data/SSI/Potter Cove/L15-H2 XRF/XRF data/L000045.spe,402,9,9,7.07,1,0.018544,-0.012284,0.010787,0.119708,7744,1.74,5,12,391,0,0,0,458,1451,10605,186,5610,110,328,14368,119,0,61,109,0,9,0,0,121,443,0,248,45,0,184,87,35,157,280,135,0,0,108,0,82,157,0,18,19,40,28,604,13,43,0,0,0,453,0,24,325,120,340,100,22,36,0,0,18,3300,7385,10685,0.308844174,2.237878788
Data/SSI/Potter Cove/L15-H2 XRF/XRF data/L000046.spe,404,9.2,9.2,7.09,1,0.018542,-0.012284,0.010856,0.119708,7634,1.59,4,5,374,0,17,0,384,1498,10340,84,5843,0,0,13897,45,34,11,15,6,4,0,0,55,388,71,142,82,0,101,88,92,191,257,43,0,68,32,28,102,146,58,0,64,0,0,977,53,0,13,0,0,704,0,0,307,77,347,112,33,0,0,25,35,3043,7697,10740,0.283333333,2.529411765
Data/SSI/Potter Cove/L15-H2 XRF/XRF data/L000047.spe,406,9.4,9.4,7.11,1,0.018546,-0.012284,0.010919,0.119708,8008,1.39,16,5,410,0,0,0,446,1668,10723,157,5736,189,537,15282,108,0,36,45,0,21,0,0,70,456,50,135,89,0,218,147,0,74,592,102,50,103,0,0,0,305,90,104,47,10,0,444,78,43,0,0,0,90,0,0,255,142,376,100,82,42,0,6,14,2624,8348,10972,0.239154211,3.181402439
Data/SSI/Potter Cove/L15-H2 XRF/XRF data/L000048.spe,408,9.6,9.6,7.13,1,0.018546,-0.012284,0.010919,0.119708,7854,1.31,0,7,352,0,4,0,429,1452,10671,125,6267,66,326,13983,76,0,46,150,30,0,0,0,97,457,41,120,92,0,0,51,206,170,379,100,0,118,0,31,0,272,57,76,42,60,0,626,78,60,0,0,245,213,9,44,206,100,537,95,10,7,0,0,94,2603,8240,10843,0.240062713,3.165578179
Data/SSI/Potter Cove/L15-H2 XRF/XRF data/L000049.spe,410,9.8,9.8,7.14,1,0.018548,-0.012284,0.010933,0.119708,7841,1.46,5,0,397,0,5,0,397,1569,11048,134,6125,17,526,14276,0,0,67,118,0,0,11,0,78,467,125,107,158,0,73,120,136,112,423,125,0,13,0,95,0,137,11,75,89,23,33,355,89,51,0,0,184,131,42,57,147,57,576,51,73,60,49,0,40,2206,8412,10618,0.207760407,3.813236627
Data/SSI/Potter Cove/L15-H2 XRF/XRF data/L000050.spe,412,10,10,7.15,1,0.018551,-0.012284,0.010954,0.119708,7904,2.71,0,0,340,0,0,0,348,1377,10875,112,6304,132,0,14196,26,0,45,0,0,0,13,0,96,413,15,144,106,0,0,93,184,11,130,124,0,0,0,42,0,358,41,99,11,34,4,1240,134,67,0,0,609,892,6,44,235,101,601,85,62,38,0,33,0,3069,8324,11393,0.269375933,2.712284132
Data/SSI/Potter Cove/L15-H2 XRF/XRF data/L000051.spe,414,10.2,10.2,7.17,1,0.018541,-0.012284,0.010914,0.119708,7664,1.22,0,19,359,0,9,0,504,1601,9733,77,5334,256,399,14386,84,47,104,89,37,0,11,13,42,500,111,166,64,0,87,72,0,105,423,242,117,76,189,114,62,180,69,99,39,70,67,768,79,50,0,40,0,0,0,0,196,96,480,149,40,0,56,0,12,3099,8387,11486,0.269806721,2.706356889
Data/SSI/Potter Cove/L15-H2 XRF/XRF data/L000052.spe,416,10.4,10.4,7.18,1,0.018544,-0.012284,0.010832,0.119708,7788,1.39,0,7,375,0,0,0,446,1622,9797,85,5515,79,658,14476,70,27,122,75,0,0,18,0,0,445,153,235,131,0,91,53,131,112,641,10,0,135,117,100,0,130,0,72,0,38,85,410,17,96,0,13,0,0,0,27,260,66,569,67,40,32,45,0,49,2405,8606,11011,0.218417946,3.578378378
Data/SSI/Potter Cove/L15-H2 XRF/XRF data/L000053.spe,418,10.6,10.6,7.18,1,0.018542,-0.012284,0.010813,0.119708,7894,1.82,0,0,372,0,0,0,439,1748,9859,86,5095,284,345,15130,80,32,100,24,0,0,15,4,56,517,18,137,127,0,510,182,0,0,470,154,0,0,19,0,0,192,14,93,53,24,0,526,86,102,0,0,0,389,0,12,331,111,599,133,50,114,0,10,17,3419,7840,11259,0.303668177,2.293068149
Data/SSI/Potter Cove/L15-H2 XRF/XRF data/L000054.spe,420,10.8,10.8,7.18,1,0.01855,-0.012284,0.010746,0.119708,8045,1.33,0,0,453,0,0,0,415,1825,9824,77,5570,175,643,15149,77,22,65,46,0,56,11,0,16,474,78,160,94,0,257,100,0,52,329,181,66,0,57,26,89,207,88,28,0,14,54,425,66,0,0,23,36,53,21,79,187,54,517,108,98,0,0,45,35,3327,7946,11273,0.295129957,2.388337842
Data/SSI/Potter Cove/L15-H2 XRF/XRF data/L000055.spe,422,11,11,7.18,1,0.018549,-0.012284,0.010755,0.119708,7987,1.51,11,0,419,0,0,0,482,1699,9755,0,5517,100,611,15213,77,0,53,39,0,0,38,0,78,553,75,204,135,0,260,35,0,119,441,14,0,215,34,0,0,175,19,95,16,71,51,455,0,68,0,0,0,0,0,0,238,156,399,78,32,44,0,0,25,3137,7965,11102,0.282561701,2.539050048
Data/SSI/Potter Cove/L15-H2 XRF/XRF data/L000056.spe,424,11.2,11.2,7.18,1,0.018549,-0.012284,0.010723,0.119708,7826,1.52,0,9,330,0,0,0,416,1606,9410,110,5341,158,379,14882,108,0,98,30,74,0,0,40,11,465,40,203,105,0,30,87,79,20,415,117,0,0,0,0,0,239,27,91,23,0,67,490,82,70,22,37,37,191,0,0,259,116,600,117,36,12,21,30,34,2622,8227,10849,0.241681261,3.137681159
Data/SSI/Potter Cove/L15-H2 XRF/XRF data/L000057.spe,426,11.4,11.4,7.17,1,0.018547,-0.012284,0.010935,0.119708,7964,1.45,0,0,381,0,0,0,408,1719,9884,0,5342,129,195,15050,99,0,98,40,8,0,13,101,18,532,58,216,112,0,252,142,0,72,459,123,0,71,0,31,0,293,56,134,37,8,24,728,128,102,12,0,0,271,0,0,268,144,500,171,98,49,0,0,23,2615,8318,10933,0.239184121,3.180879541
Data/SSI/Potter Cove/L15-H2 XRF/XRF data/L000058.spe,428,11.6,11.6,7.16,1,0.018544,-0.012284,0.0109,0.119708,7994,1.37,0,14,406,0,0,0,429,1626,10236,85,5705,79,0,14829,28,0,101,0,19,0,0,0,88,456,39,183,150,0,92,0,125,153,424,111,0,93,11,65,0,202,9,99,9,42,23,756,76,87,9,7,0,471,35,36,286,95,465,99,87,5,7,25,5,2564,8119,10683,0.240007489,3.166536661
Data/SSI/Potter Cove/L15-H2 XRF/XRF data/L000059.spe,430,11.8,11.8,7.16,1,0.018546,-0.012284,0.010937,0.119708,8093,1.46,0,0,379,0,0,0,419,1808,9934,149,5427,292,0,15262,79,0,19,95,0,0,53,0,53,507,22,156,112,0,319,143,0,0,233,179,0,0,0,0,0,221,124,103,41,22,0,989,87,0,0,13,0,464,8,61,304,88,500,135,118,64,0,5,31,3262,8194,11456,0.28474162,2.511955855
Data/SSI/Potter Cove/L15-H2 XRF/XRF data/L000060.spe,432,12,12,7.15,1,0.018546,-0.012284,0.010863,0.119708,8173,1.45,0,24,385,0,0,0,455,1703,10228,134,5613,179,347,15745,68,0,69,149,6,19,6,22,67,434,84,148,135,0,228,136,0,52,362,149,0,0,0,0,49,277,83,77,45,82,9,784,132,18,0,11,0,206,60,0,327,84,541,133,74,37,0,0,71,3229,7901,11130,0.290116801,2.446887581
Data/SSI/Potter Cove/L15-H2 XRF/XRF data/L000061.spe,434,12.2,12.2,7.15,1,0.018546,-0.012284,0.010828,0.119708,8056,1.48,0,0,346,0,0,0,435,1732,9240,38,5481,168,682,15806,89,0,34,0,7,0,0,0,77,481,64,128,119,0,68,154,51,89,611,64,85,152,0,32,115,324,165,72,38,38,39,424,141,0,17,0,39,30,0,42,260,153,315,168,30,30,0,93,35,2446,8546,10992,0.222525473,3.493867539
Data/SSI/Potter Cove/L15-H2 XRF/XRF data/L000062.spe,436,12.4,12.4,7.14,1,0.018547,-0.012284,0.010828,0.119708,7905,1.42,0,0,362,0,0,0,448,1814,9057,49,5153,106,76,16264,0,0,122,82,34,0,20,14,27,412,33,172,164,0,428,169,0,63,393,120,0,55,56,125,0,187,20,79,0,18,8,715,72,79,0,27,0,491,42,0,257,85,580,110,39,37,68,0,72,3270,7700,10970,0.298085688,2.354740061
Data/SSI/Potter Cove/L15-H2 XRF/XRF data/L000063.spe,438,12.6,12.6,7.14,1,0.018546,-0.012284,0.010848,0.119708,7822,1.49,0,13,392,0,0,0,450,1752,8973,143,5107,199,84,15896,63,42,53,112,28,0,0,0,55,454,37,130,149,0,245,148,0,93,373,157,0,47,71,0,28,115,89,79,25,30,37,716,86,0,0,4,0,658,0,8,409,179,505,125,25,21,22,0,49,3451,7801,11252,0.306701031,2.260504202
Data/SSI/Potter Cove/L15-H2 XRF/XRF data/L000064.spe,440,12.8,12.8,7.14,1,0.018546,-0.012284,0.01084,0.119708,7994,1.51,0,8,337,0,0,0,439,1711,9591,82,5350,89,214,15947,0,40,87,0,0,17,0,0,63,453,63,196,130,0,164,228,11,144,520,39,0,0,112,120,11,113,0,34,55,0,18,616,65,82,22,23,0,356,0,0,177,52,553,127,50,12,32,104,14,2987,8154,11141,0.268108787,2.72982926
Data/SSI/Potter Cove/L15-H2 XRF/XRF data/L000065.spe,442,13,13,7.14,1,0.018543,-0.012284,0.010939,0.119708,7945,1.42,0,0,356,0,0,0,447,1628,9692,54,5207,219,0,15469,70,0,111,92,76,23,20,0,40,421,0,169,66,0,317,171,0,0,351,199,0,0,17,54,0,224,44,143,38,0,0,764,89,58,0,17,0,600,7,0,290,95,675,120,40,0,22,0,51,3190,7921,11111,0.287102871,2.4830721
Data/SSI/Potter Cove/L15-H2 XRF/XRF data/L000066.spe,444,13.2,13.2,7.14,1,0.018545,-0.012284,0.010951,0.119708,8179,1.65,0,7,324,0,0,0,429,1747,9575,45,5873,45,423,16652,0,4,30,89,0,0,0,16,13,453,99,147,80,0,141,33,0,112,381,98,0,0,0,105,0,210,57,86,27,19,59,640,159,27,0,0,0,150,8,6,222,20,667,119,91,21,0,0,19,3118,8031,11149,0.279666338,2.575689545
Data/SSI/Potter Cove/L15-H2 XRF/XRF data/L000067.spe,446,13.4,13.4,7.13,1,0.018543,-0.012284,0.010951,0.119708,7881,1.33,0,9,338,0,4,0,480,1667,9131,36,5262,279,48,16366,15,23,12,62,53,11,0,0,88,327,86,155,115,0,305,122,0,0,116,244,0,0,0,33,69,209,150,55,23,37,0,966,154,0,0,12,0,576,57,82,279,121,490,124,36,0,0,0,71,4322,7193,11515,0.375336518,1.664275798
Data/SSI/Potter Cove/L15-H2 XRF/XRF data/L000068.spe,448,13.6,13.6,7.14,1,0.018541,-0.012284,0.010935,0.119708,7867,1.48,0,18,371,0,0,0,474,1712,9386,102,5396,136,512,15728,80,20,25,46,0,8,0,0,28,371,44,197,132,0,235,82,10,61,567,22,5,218,146,30,58,96,54,64,36,38,56,520,0,0,0,0,0,0,0,0,202,85,433,70,52,166,48,0,16,2396,8173,10569,0.226700729,3.411101836
Data/SSI/Potter Cove/L15-H2 XRF/XRF data/L000069.spe,450,13.8,13.8,7.13,1,0.01854,-0.012284,0.01091,0.119708,7866,1.76,0,0,356,0,0,0,437,1749,9271,6,5359,256,0,16334,37,46,71,154,28,6,21,34,29,437,85,180,172,0,259,86,0,0,220,164,0,63,52,82,50,183,104,91,20,18,14,972,108,0,0,0,0,536,0,0,353,74,580,139,65,26,39,0,89,3552,7523,11075,0.320722348,2.117961712
Data/SSI/Potter Cove/L15-H2 XRF/XRF data/L000070.spe,452,14,14,7.14,1,0.018547,-0.012284,0.01091,0.119708,7793,1.27,0,0,377,0,0,0,428,1807,8871,19,5421,108,47,15271,93,0,84,116,0,0,0,76,0,432,60,153,181,0,82,113,61,91,393,125,0,86,75,78,43,261,25,125,75,0,42,768,46,83,0,0,114,298,0,0,234,127,474,120,55,71,8,0,50,2271,8648,10919,0.207986079,3.808014091
Data/SSI/Potter Cove/L15-H2 XRF/XRF data/L000071.spe,454,14.2,14.2,7.14,1,0.018545,-0.012284,0.010804,0.119708,7687,1.57,0,8,334,0,0,0,424,1759,8998,18,5385,16,158,15136,0,0,74,0,0,16,6,0,130,386,10,172,179,0,59,40,68,155,261,139,41,0,25,133,0,194,0,94,19,0,7,724,109,98,47,0,0,221,18,44,79,47,623,127,57,82,26,74,18,3302,7697,10999,0.30020911,2.331011508
Data/SSI/Potter Cove/L15-H2 XRF/XRF data/L000072.spe,456,14.4,14.4,7.15,1,0.018545,-0.012284,0.010775,0.119708,7849,1.63,0,18,378,0,0,0,444,1715,9376,109,5713,48,489,14932,0,0,100,0,6,0,0,0,72,436,39,201,123,0,0,142,146,130,436,61,0,176,0,128,0,316,0,106,9,6,0,445,165,137,0,0,259,167,16,0,171,111,553,90,47,31,11,39,0,2394,8261,10655,0.224683247,3.450710109
Data/SSI/Potter Cove/L15-H2 XRF/XRF data/L000073.spe,458,14.6,14.6,7.15,1,0.018542,-0.012284,0.01074,0.119708,7861,1.39,0,7,432,0,0,0,425,1890,9343,71,5540,58,501,14827,115,16,93,51,0,19,0,0,67,428,60,207,124,0,88,105,92,140,456,131,0,157,84,40,10,196,30,112,0,21,0,520,56,87,0,0,0,164,6,28,274,143,452,140,68,107,9,18,48,2871,8202,11073,0.259279328,2.856844305
Data/SSI/Potter Cove/L15-H2 XRF/XRF data/L000074.spe,460,14.8,14.8,7.16,1,0.018541,-0.012284,0.01076,0.119708,7825,1.51,0,10,459,0,0,0,426,1689,9929,87,5517,337,0,14957,81,0,36,96,0,0,0,0,47,462,0,120,103,0,198,152,0,0,287,182,0,0,17,11,45,246,47,78,39,0,21,1043,89,23,0,0,0,702,0,37,304,136,469,117,50,84,0,0,54,3303,7915,11218,0.294437511,2.396306388
Data/SSI/Potter Cove/L15-H2 XRF/XRF data/L000075.spe,462,15,15,7.17,1,0.018543,-0.012284,0.010792,0.119708,7854,1.57,0,11,411,0,0,0,406,1707,10152,0,5592,180,443,15102,191,0,98,54,0,0,0,0,12,463,91,190,129,0,225,114,16,116,438,153,180,185,206,16,7,250,110,178,0,0,34,652,30,68,0,0,0,26,0,0,262,135,606,155,97,39,60,41,0,2631,8175,10806,0.243475847,3.10718358
Data/SSI/Potter Cove/L15-H2 XRF/XRF data/L000076.spe,464,15.2,15.2,7.18,1,0.018547,-0.012284,0.010925,0.119708,7763,1.45,0,0,383,0,0,0,406,1839,9146,0,5486,164,590,15043,157,35,22,122,22,10,0,0,75,570,12,147,38,0,31,166,71,70,473,125,82,84,127,30,59,259,157,147,18,0,36,597,85,0,0,0,0,0,15,0,290,139,513,197,93,55,43,12,58,2576,8638,11214,0.229712859,3.35326087
Data/SSI/Potter Cove/L15-H2 XRF/XRF data/L000077.spe,466,15.4,15.4,7.2,1,0.018547,-0.012284,0.010925,0.119708,8086,1.45,0,15,365,0,0,0,382,1918,9427,98,5598,404,290,15755,98,39,55,0,0,0,0,0,0,561,78,166,122,0,182,115,0,0,357,167,0,37,22,8,86,224,73,56,18,54,32,758,66,0,20,0,0,118,0,0,340,107,395,110,106,39,0,40,47,3359,8805,12164,0.276142716,2.621315868
Data/SSI/Potter Cove/L15-H2 XRF/XRF data/L000078.spe,468,15.6,15.6,7.21,1,0.018546,-0.012284,0.010925,0.119708,7897,1.49,0,13,406,0,0,0,445,1817,9712,34,5674,201,280,15375,10,35,104,41,0,0,0,11,16,469,42,147,99,0,35,81,81,0,244,202,11,87,17,116,66,173,23,80,0,0,0,790,148,47,0,0,0,373,0,0,176,101,406,132,49,83,10,0,47,3475,7931,11406,0.304664212,2.282302158
Data/SSI/Potter Cove/L15-H2 XRF/XRF data/L000079.spe,470,15.8,15.8,7.22,1,0.018553,-0.012284,0.010925,0.119708,7769,2.42,0,0,360,0,0,0,368,1636,9911,0,4546,222,0,14814,0,0,50,49,43,0,0,12,58,493,25,69,102,0,854,136,0,33,171,163,0,190,0,116,61,232,54,51,39,10,9,1070,48,0,0,13,17,891,32,0,154,74,385,85,41,10,12,0,19,4775,6835,11610,0.411283376,1.431413613
Data/SSI/Potter Cove/L15-H2 XRF/XRF data/L000080.spe,472,16,16,7.24,1,0.018555,-0.012284,0.010925,0.119708,7010,1.86,0,5,320,0,0,0,397,1436,9433,130,4823,206,8,12228,0,0,30,7,0,0,0,11,46,459,15,169,91,0,137,72,0,0,252,99,0,0,0,42,27,201,5,13,32,18,39,609,49,0,0,0,389,364,0,0,173,69,358,20,22,15,0,0,0,2588,7855,10443,0.247821507,3.035162287
Data/SSI/Potter Cove/L15-H2 XRF/XRF data/L000081.spe,474,16.2,16.2,7.27,1,0.018548,-0.012284,0.010896,0.119708,7230,1.3,0,0,305,0,0,0,386,1424,10183,82,4811,232,0,13201,27,8,57,0,0,19,6,6,0,572,64,85,31,0,300,124,0,0,217,129,5,0,0,17,0,152,44,68,58,9,54,957,78,42,11,0,70,534,0,37,187,43,518,86,53,54,22,72,0,3318,7203,10521,0.315369261,2.170886076
Data/SSI/Potter Cove/L15-H2 XRF/XRF data/L000082.spe,476,16.4,16.4,7.3,1,0.018549,-0.012284,0.01092,0.119708,7514,1.6,9,10,371,0,0,0,362,1463,11156,103,5539,111,302,13522,0,0,58,0,0,9,0,7,82,515,6,131,99,0,0,118,182,64,360,89,0,0,0,102,37,296,29,45,0,38,13,574,118,27,14,0,10,234,0,18,134,0,522,76,86,122,0,20,0,2343,7889,10232,0.22898749,3.36705079
Data/SSI/Potter Cove/L15-H2 XRF/XRF data/L000083.spe,478,16.6,16.6,7.34,1,0.01855,-0.012284,0.01092,0.119708,7757,1.76,0,10,420,0,0,0,350,1548,11520,216,5835,118,508,13856,0,0,14,13,5,0,12,14,63,525,54,162,102,0,74,136,61,91,386,86,0,0,0,84,0,247,50,17,13,0,0,382,92,0,0,0,113,76,21,53,132,0,530,109,56,51,0,33,37,2336,7748,10084,0.231654106,3.316780822
Data/SSI/Potter Cove/L15-H2 XRF/XRF data/L000084.spe,480,16.8,16.8,7.37,1,0.018542,-0.012284,0.01092,0.119708,7807,1.46,0,0,417,0,0,0,411,1380,12000,117,5666,290,309,14246,0,0,31,34,0,28,47,0,19,486,25,99,47,0,286,98,0,8,417,65,0,66,0,64,15,223,79,51,51,15,43,485,142,11,14,0,0,474,0,8,268,47,472,89,63,67,18,0,63,2940,7189,10129,0.290255701,2.445238095
Data/SSI/Potter Cove/L15-H2 XRF/XRF data/L000085.spe,482,17,17,7.39,1,0.018545,-0.012284,0.01092,0.119708,8216,1.49,0,0,418,0,0,0,405,1409,12413,202,6136,325,296,15456,90,35,87,0,0,0,31,0,7,616,38,184,135,0,293,99,0,0,339,143,0,74,38,23,57,172,83,69,34,18,34,576,57,9,0,36,0,398,0,0,300,116,442,134,129,41,10,79,18,3220,7417,10637,0.302716931,2.303416149
Data/SSI/Potter Cove/L15-H2 XRF/XRF data/L000086.spe,484,17.2,17.2,7.41,1,0.018544,-0.012284,0.010885,0.119708,8176,1.55,0,16,378,0,0,0,376,1379,12856,111,5770,253,563,15266,21,33,40,83,0,0,0,20,0,594,13,103,165,0,190,204,0,0,277,193,37,0,47,90,36,167,43,58,0,0,0,575,111,29,0,0,0,40,13,0,159,9,644,143,89,32,40,0,32,3264,7777,11041,0.295625396,2.382659314
Data/SSI/Potter Cove/L15-H2 XRF/XRF data/L000087.spe,486,17.4,17.4,7.41,1,0.018543,-0.012284,0.010904,0.119708,8054,1.53,0,16,332,0,4,0,386,1382,12116,199,5307,116,0,14907,0,8,47,0,7,16,0,19,19,648,41,152,59,0,352,140,0,27,214,149,0,0,0,40,56,121,9,4,0,30,64,924,102,5,52,0,0,382,27,0,173,22,565,84,77,38,0,39,43,3356,8091,11447,0.293177252,2.41090584
Data/SSI/Potter Cove/L15-H2 XRF/XRF data/L000088.spe,488,17.6,17.6,7.4,1,0.018542,-0.012284,0.010904,0.119708,8269,1.26,0,0,444,0,0,0,413,1368,13047,115,5646,189,788,15047,31,104,79,84,76,0,8,59,61,619,47,135,92,0,107,78,22,95,524,103,42,46,180,63,21,11,28,50,50,30,0,407,84,31,0,42,0,114,0,0,188,30,546,163,36,0,57,0,51,2641,8550,11191,0.235993209,3.237410072
Data/SSI/Potter Cove/L15-H2 XRF/XRF data/L000089.spe,490,17.8,17.8,7.42,1,0.018538,-0.012284,0.010919,0.119708,7762,1.79,8,14,344,0,0,0,425,1342,12006,100,5221,201,220,13947,40,0,90,128,11,0,0,17,37,579,81,158,83,0,224,116,0,85,489,163,0,114,0,62,0,239,51,146,20,31,47,690,102,64,0,0,0,317,32,0,243,96,513,107,74,21,13,0,62,3014,7438,10452,0.288365863,2.467816855
Data/SSI/Potter Cove/L15-H2 XRF/XRF data/L000090.spe,492,18,18,7.43,1,0.018538,-0.012284,0.010919,0.119708,7762,1.48,0,0,380,0,0,0,384,1370,11833,90,5191,202,619,14210,64,10,31,18,0,22,0,5,0,555,40,182,110,0,393,105,0,0,261,106,0,107,0,0,46,125,87,65,10,4,28,573,60,0,17,34,0,21,11,0,277,92,426,123,96,19,27,21,47,3634,7227,10861,0.334591658,1.988717666
Data/SSI/Potter Cove/L15-H2 XRF/XRF data/L000091.spe,494,18.2,18.2,7.45,1,0.018537,-0.012284,0.010938,0.119708,7994,1.59,6,9,395,0,0,0,370,1538,12023,110,5374,402,145,14942,26,56,6,62,26,13,15,0,65,594,25,148,149,0,305,89,0,0,310,62,0,36,0,0,15,123,87,18,6,26,0,695,59,0,0,32,0,327,44,92,286,75,441,93,107,14,18,5,18,3326,7835,11161,0.298001971,2.355682502
Data/SSI/Potter Cove/L15-H2 XRF/XRF data/L000092.spe,496,18.4,18.4,7.47,1,0.018536,-0.012284,0.010953,0.119708,7898,1.66,0,14,340,0,0,0,381,1399,11549,9,5655,79,177,14885,77,9,84,0,5,0,0,0,47,574,17,191,154,0,66,57,89,195,403,107,0,189,16,102,96,241,56,44,0,30,8,678,90,26,29,0,0,436,0,39,220,102,370,115,79,51,0,34,12,3136,7358,10494,0.298837431,2.34630102
Data/SSI/Potter Cove/L15-H2 XRF/XRF data/L000093.spe,498,18.6,18.6,7.48,1,0.018535,-0.012284,0.010968,0.119708,8150,1.83,0,0,426,0,0,0,431,1609,11535,71,5827,262,1400,15801,119,114,117,40,0,5,0,44,62,603,64,215,89,0,319,129,0,46,565,156,139,63,251,76,83,71,81,73,0,27,4,98,55,11,23,0,0,0,0,0,233,52,488,158,82,85,87,38,43,2660,8282,10942,0.243099982,3.113533835
Data/SSI/Potter Cove/L15-H2 XRF/XRF data/L000094.spe,500,18.8,18.8,7.49,1,0.018543,-0.012284,0.010914,0.119708,8148,1.44,0,0,369,0,0,0,418,1482,12025,110,6157,262,748,15192,110,7,82,52,34,0,0,0,36,590,108,113,106,0,70,125,39,0,338,194,122,0,46,10,51,243,101,86,33,55,47,519,136,36,0,0,0,0,0,28,266,64,659,171,83,52,0,9,24,2944,8373,11317,0.260139613,2.844089674
Data/SSI/Potter Cove/L15-H2 XRF/XRF data/L000095.spe,502,19,19,7.5,1,0.018541,-0.012284,0.010895,0.119708,8077,1.85,5,14,381,0,0,0,317,1412,12205,116,5987,252,0,14774,34,0,34,0,0,0,0,13,12,536,27,119,124,0,277,85,0,0,292,74,0,12,41,24,54,152,73,26,0,8,0,751,34,0,23,0,0,594,0,0,230,97,380,62,99,96,0,62,23,3039,7805,10844,0.280247141,2.568279039
Data/SSI/Potter Cove/L15-H2 XRF/XRF data/L000096.spe,504,19.2,19.2,7.5,1,0.018547,-0.012284,0.010861,0.119708,7995,1.43,8,12,336,0,0,0,366,1429,11331,155,5749,194,0,14656,54,0,63,34,0,0,7,0,14,544,89,184,107,0,207,202,0,70,236,222,0,0,67,43,0,184,54,152,26,0,30,863,95,60,0,0,5,677,6,17,191,114,640,110,75,48,25,0,42,3357,7832,11189,0.300026812,2.333035448
Data/SSI/Potter Cove/L15-H2 XRF/XRF data/L000097.spe,506,19.4,19.4,7.51,1,0.018546,-0.012284,0.010881,0.119708,8160,1.57,9,0,245,0,0,7,386,1375,11269,142,5615,87,1028,14688,168,49,84,76,0,0,0,0,16,715,44,233,100,0,144,98,5,222,703,91,124,53,234,28,65,211,57,115,0,8,67,299,35,40,0,0,0,0,0,19,248,141,501,135,70,53,35,0,27,2244,9641,11885,0.188809424,4.296345811
Data/SSI/Potter Cove/L15-H2 XRF/XRF data/L000098.spe,508,19.6,19.6,7.53,1,0.018549,-0.012284,0.010918,0.119708,8324,1.83,0,0,294,0,0,0,313,1467,11651,167,5572,48,492,15061,0,0,107,107,0,29,0,0,51,627,67,139,143,0,357,102,0,276,604,0,0,164,36,107,0,168,0,119,37,32,42,305,52,108,0,28,0,437,12,48,222,78,542,115,35,70,44,0,108,2798,8795,11593,0.24135254,3.143316655
Data/SSI/Potter Cove/L15-H2 XRF/XRF data/L000099.spe,510,19.8,19.8,7.55,1,0.018546,-0.012284,0.010821,0.119708,8432,2.01,0,0,367,0,0,0,336,1588,12243,172,5432,87,1174,15318,0,0,39,17,0,0,0,0,7,629,99,167,136,0,430,187,0,197,683,0,0,0,0,75,0,268,37,55,24,0,58,0,159,38,16,0,0,0,0,61,180,0,576,88,66,54,0,22,4,2526,8937,11463,0.220361162,3.538004751
Data/SSI/Potter Cove/L15-H2 XRF/XRF data/L000100.spe,512,20,20,7.58,1,0.018541,-0.012284,0.01063,0.119708,8290,1.53,0,16,393,0,0,0,352,1648,11989,162,5483,155,298,14854,0,0,8,18,0,0,0,0,49,553,26,135,156,0,268,179,0,68,301,145,0,123,0,11,61,204,106,21,52,18,15,659,121,0,0,0,0,351,6,85,290,93,343,81,87,45,0,52,0,3719,7858,11577,0.32124039,2.112933584
Data/SSI/Potter Cove/L15-H2 XRF/XRF data/L000101.spe,514,20.2,20.2,7.6,1,0.018544,-0.012284,0.010595,0.119708,7803,2.24,0,0,347,0,0,0,312,1364,11342,70,4793,190,105,13902,0,0,32,148,0,0,0,0,74,648,101,243,190,0,301,130,0,33,133,295,0,0,0,176,0,320,78,114,0,12,13,876,226,20,0,0,152,584,0,74,118,73,627,122,75,147,0,0,0,3813,7319,11132,0.342526051,1.919485969
Data/SSI/Potter Cove/L15-H2 XRF/XRF data/L000102.spe,516,20.4,20.4,7.63,1,0.018542,-0.012284,0.010595,0.119708,7732,1.86,5,10,353,0,0,0,326,1340,11253,141,4579,239,493,13717,0,17,50,0,0,0,0,0,17,571,82,161,154,0,478,166,0,0,355,115,0,48,0,56,0,109,0,25,4,11,25,457,71,89,5,0,0,101,0,33,138,31,559,42,31,17,45,49,19,3164,7832,10996,0.287740997,2.475347661
Data/SSI/Potter Cove/L15-H2 XRF/XRF data/L000103.spe,518,20.6,20.6,7.68,1,0.018538,-0.012284,0.010528,0.119708,7865,2.4,13,14,335,0,0,0,372,1460,10692,144,5355,149,0,14202,0,0,54,35,30,0,0,0,78,559,51,130,60,0,195,72,0,79,317,97,0,32,0,98,0,238,0,45,57,0,13,928,108,105,0,0,0,887,0,11,251,50,557,25,0,0,0,0,26,3576,7684,11260,0.317584369,2.148769575
Data/SSI/Potter Cove/L15-H2 XRF/XRF data/L000104.spe,520,20.8,20.8,7.72,1,0.018535,-0.012284,0.010237,0.119708,7678,2.12,9,7,336,0,0,0,363,1488,11037,111,4589,194,209,13385,0,0,55,48,0,0,14,0,0,551,21,137,120,0,452,118,0,30,308,66,0,234,0,139,0,215,0,27,14,0,24,529,14,41,0,11,0,415,0,59,129,0,347,33,52,8,0,0,0,3609,7281,10890,0.331404959,2.017456359
Data/SSI/Potter Cove/L15-H2 XRF/XRF data/L000105.spe,522,21,21,7.76,1,0.018534,-0.012284,0.010237,0.119708,7398,1.71,9,0,351,0,0,0,378,1384,10939,108,4617,182,198,12822,60,0,86,79,25,0,44,0,70,542,54,116,92,0,453,113,0,7,272,113,0,314,15,45,20,157,0,44,47,57,40,733,0,82,0,0,0,358,10,0,219,93,282,66,55,7,15,14,0,3672,6961,10633,0.345339979,1.895697168
Data/SSI/Potter Cove/L15-H2 XRF/XRF data/L000106.spe,524,21.2,21.2,7.8,1,0.018528,-0.012284,0.010154,0.119708,7576,3.03,0,0,333,0,0,0,427,1456,10890,139,4812,260,134,13879,0,29,74,0,0,0,0,0,0,474,37,142,65,0,610,46,0,13,355,41,0,311,0,187,0,10,0,10,0,18,5,649,55,78,7,0,0,473,39,0,78,0,442,56,56,54,70,19,0,3989,7078,11067,0.360440951,1.774379544
Data/SSI/Potter Cove/L15-H2 XRF/XRF data/L000107.spe,526,21.4,21.4,7.82,1,0.018527,-0.012284,0.010154,0.119708,8415,2.07,0,14,391,0,0,0,439,1776,11769,105,5120,262,0,16223,73,106,81,0,0,0,16,0,112,616,111,177,116,0,455,112,0,0,235,216,0,380,177,60,149,105,43,0,23,61,20,989,0,29,65,0,0,920,0,58,375,145,253,118,83,63,26,86,33,4448,8011,12459,0.357010996,1.801034173
Data/SSI/Potter Cove/L15-H2 XRF/XRF data/L000108.spe,528,21.6,21.6,7.85,1,0.018527,-0.012284,0.010154,0.119708,8021,2.17,0,5,372,0,0,0,426,1656,10783,98,4788,248,309,15566,70,92,106,123,0,0,19,9,59,606,12,124,95,0,561,80,0,0,375,109,0,423,148,15,54,30,0,17,11,22,20,758,0,55,0,0,0,540,0,71,350,213,173,88,64,58,53,0,55,4430,7315,11745,0.377181779,1.651241535
Data/SSI/Potter Cove/L15-H2 XRF/XRF data/L000109.spe,530,21.8,21.8,7.85,1,0.018536,-0.012284,0.010154,0.119708,8259,1.67,9,21,296,0,0,0,436,1494,10890,43,4772,96,0,16024,125,114,122,32,7,0,17,12,0,690,45,108,64,0,482,83,0,132,372,174,0,424,280,36,61,113,51,88,10,0,12,1146,0,67,0,0,0,681,15,0,326,181,398,137,65,38,84,52,32,4872,7446,12318,0.395518753,1.528325123
Data/SSI/Potter Cove/L15-H2 XRF/XRF data/L000110.spe,532,22,22,7.82,1,0.01854,-0.012284,0.010136,0.119708,8644,1.48,6,23,418,0,0,0,433,1801,11443,24,5560,104,47,16787,0,0,80,72,0,0,0,44,12,606,0,190,112,0,199,155,0,68,429,164,0,346,0,130,37,288,92,98,0,0,9,800,124,31,0,0,88,448,28,0,203,113,363,121,79,80,0,0,50,3659,8214,11873,0.308178219,2.244875649
Data/SSI/Potter Cove/L15-H2 XRF/XRF data/L000111.spe,534,22.2,22.2,7.8,1,0.018538,-0.012284,0.010166,0.119708,8438,1.93,0,5,449,0,0,0,442,1652,10830,84,5065,190,0,16143,175,106,81,116,0,0,0,0,41,637,0,212,93,0,433,137,0,74,298,272,41,260,245,12,50,134,99,119,0,17,24,1012,0,15,0,0,0,550,0,0,366,184,471,144,143,121,30,0,0,3989,7891,11880,0.335774411,1.978190023
Data/SSI/Potter Cove/L15-H2 XRF/XRF data/L000112.spe,536,22.4,22.4,7.76,1,0.018544,-0.012284,0.010252,0.119708,8334,1.7,0,0,349,0,0,0,391,1601,11252,9,5327,266,462,15243,53,0,84,57,42,0,0,34,96,561,19,179,96,0,127,185,0,0,357,242,0,114,6,65,62,214,74,64,8,14,0,702,98,24,7,0,343,176,0,0,284,62,496,138,76,0,9,36,14,3669,8337,12006,0.305597201,2.272281276
Data/SSI/Potter Cove/L15-H2 XRF/XRF data/L000113.spe,538,22.6,22.6,7.74,1,0.018543,-0.012284,0.010271,0.119708,8005,1.89,0,0,401,0,0,0,442,1562,10999,57,4775,266,749,14784,91,0,31,25,66,0,0,0,32,484,49,196,78,0,626,137,0,0,515,143,77,227,129,49,58,198,96,78,19,0,19,491,42,0,0,0,0,0,0,30,205,88,377,152,49,0,36,5,50,3659,7767,11426,0.320234553,2.122711123
Data/SSI/Potter Cove/L15-H2 XRF/XRF data/L000114.spe,540,22.8,22.8,7.73,1,0.018548,-0.012284,0.01025,0.119708,7547,1.31,0,0,340,0,0,0,449,1468,9984,95,5033,103,36,13019,0,0,42,0,0,0,0,0,64,545,73,160,97,0,39,202,77,41,375,141,0,68,64,118,48,177,54,55,37,29,19,850,57,0,6,0,400,393,16,0,86,85,326,128,44,61,27,87,50,3071,7905,10976,0.279792274,2.574080104
Data/SSI/Potter Cove/L15-H2 XRF/XRF data/L000115.spe,542,23,23,7.73,1,0.018549,-0.012284,0.010309,0.119708,7986,1.28,0,12,385,0,0,0,482,1589,10913,91,4946,78,0,13216,50,0,79,0,54,0,16,7,22,513,70,161,144,0,91,103,73,79,123,249,0,0,0,39,47,257,29,95,18,19,49,975,147,81,16,0,372,227,0,0,250,103,539,142,65,5,0,93,23,3420,9881,13301,0.257123525,2.889181287
Data/SSI/Potter Cove/L15-H2 XRF/XRF data/L000116.spe,544,23.2,23.2,7.73,1,0.018551,-0.012284,0.010332,0.119708,7471,1.57,0,7,365,0,0,0,498,1434,11059,117,4837,0,247,12561,82,0,68,51,0,0,0,61,30,653,48,98,90,0,0,35,200,237,311,143,0,59,29,14,0,265,29,82,44,0,21,572,70,83,0,0,633,313,0,0,196,123,509,81,59,34,0,0,14,2211,7174,9385,0.235588705,3.244685663
Data/SSI/Potter Cove/L15-H2 XRF/XRF data/L000117.spe,546,23.4,23.4,7.7,1,0.018553,-0.012284,0.010348,0.119708,7812,1.83,0,6,361,0,0,0,521,1402,11079,166,4834,148,0,13417,114,0,66,164,23,0,15,0,26,647,90,159,161,0,0,142,163,100,252,295,78,215,49,61,47,381,146,155,35,20,23,1202,125,31,0,0,829,674,0,46,295,209,465,175,51,14,0,0,37,3022,8193,11215,0.269460544,2.711118465
Data/SSI/Potter Cove/L15-H2 XRF/XRF data/L000118.spe,548,23.6,23.6,7.67,1,0.018546,-0.012284,0.010348,0.119708,8337,1.6,0,13,388,0,19,0,428,1634,12263,175,4823,140,132,14556,75,0,143,219,0,0,0,0,30,751,55,246,127,0,155,179,23,151,315,256,112,0,170,121,0,266,16,122,0,0,0,824,76,101,0,0,400,346,0,0,128,52,657,155,61,98,25,0,31,3645,8381,12026,0.303093298,2.299314129
Data/SSI/Potter Cove/L15-H2 XRF/XRF data/L000119.spe,550,23.8,23.8,7.66,1,0.018543,-0.012284,0.010383,0.119708,8396,1.36,10,18,448,0,0,0,388,1666,13504,73,4895,330,148,15793,55,0,53,47,0,0,27,0,71,666,66,129,85,0,60,127,0,0,384,166,0,150,72,82,23,191,52,88,15,68,19,779,61,40,0,0,0,516,0,29,248,78,476,124,94,92,26,0,53,3258,7638,10896,0.299008811,2.344383057
Data/SSI/Potter Cove/L15-H2 XRF/XRF data/L000120.spe,552,24,24,7.65,1,0.018541,-0.012284,0.010411,0.119708,8102,1.72,21,20,463,0,0,0,424,1559,13156,130,4553,164,0,14625,0,15,60,45,10,0,0,0,0,669,74,241,91,0,324,159,0,66,383,143,0,172,37,92,0,200,19,86,0,0,44,802,106,85,0,0,194,793,0,0,190,125,390,126,44,11,18,0,0,3141,7192,10333,0.303977548,2.289716651
Data/SSI/Potter Cove/L15-H2 XRF/XRF data/L000121.spe,554,24.2,24.2,7.63,1,0.018546,-0.012284,0.010411,0.119708,6714,1.48,0,16,338,0,0,0,459,1192,10033,111,3907,239,5,11760,8,10,51,0,46,0,0,0,43,510,41,127,100,0,99,120,0,0,230,174,0,0,50,86,0,160,12,31,5,0,22,630,40,40,33,32,154,478,29,0,92,19,530,105,67,0,30,99,12,2461,6429,8890,0.276827897,2.612352702
Data/SSI/Potter Cove/L15-H2 XRF/XRF data/L000122.spe,556,24.4,24.4,7.61,1,0.018546,-0.012284,0.010314,0.119708,7727,1.47,0,12,395,0,0,0,367,1509,11881,106,4666,140,0,13560,0,0,16,0,67,7,43,0,6,654,92,153,59,0,164,72,17,140,176,101,0,0,0,90,53,243,78,31,0,57,53,1016,119,0,23,25,284,633,17,32,167,28,428,107,70,0,6,64,48,3246,7128,10374,0.312897629,2.195933457
Data/SSI/Potter Cove/L15-H2 XRF/XRF data/L000123.spe,558,24.6,24.6,7.63,1,0.018545,-0.012284,0.010293,0.119708,8583,1.52,0,0,541,0,0,0,348,1644,13370,92,5216,0,0,15505,0,0,55,55,0,0,0,0,76,692,55,103,90,0,44,73,137,226,333,106,0,230,0,131,33,234,61,45,32,34,5,834,71,4,0,0,128,659,0,0,219,77,362,84,94,45,7,10,0,2838,8130,10968,0.258752735,2.864693446
Data/SSI/Potter Cove/L15-H2 XRF/XRF data/L000124.spe,560,24.8,24.8,7.63,1,0.018545,-0.012284,0.010299,0.119708,8651,1.52,0,18,526,0,0,0,367,1621,13292,108,5161,134,0,15736,22,22,65,17,52,0,21,58,27,661,39,149,103,0,330,115,0,32,223,167,0,149,30,65,0,168,14,93,19,18,21,896,102,97,23,14,163,751,0,0,262,166,482,149,53,0,25,44,39,3823,7987,11810,0.323708721,2.089196966
Data/SSI/Potter Cove/L15-H2 XRF/XRF data/L000125.spe,562,25,25,7.61,1,0.018547,-0.012284,0.01037,0.119708,7964,1.55,0,14,430,0,0,0,326,1535,11648,83,4749,260,241,14337,0,11,100,0,0,9,0,0,16,652,39,138,136,0,238,170,0,0,276,192,28,0,38,106,0,212,40,73,0,23,40,751,110,77,19,6,0,320,0,18,115,119,481,110,88,36,29,138,0,3606,7917,11523,0.312939339,2.195507488
Data/SSI/Potter Cove/L15-H2 XRF/XRF data/L000126.spe,564,25.2,25.2,7.62,1,0.018549,-0.012284,0.01042,0.119708,8767,1.48,0,6,465,0,0,0,313,1623,13461,197,5360,152,183,15244,147,0,24,76,0,36,0,0,37,678,68,139,110,0,51,128,36,159,424,136,30,51,0,0,0,326,126,132,10,13,76,827,85,7,0,0,311,500,12,6,381,182,438,82,104,106,0,16,19,3306,8887,12193,0.271139178,2.688142771
Data/SSI/Potter Cove/L15-H2 XRF/XRF data/L000127.spe,566,25.4,25.4,7.65,1,0.018544,-0.012284,0.01055,0.119708,8946,1.32,7,21,412,0,0,8,433,1743,14159,115,4984,242,314,16117,0,0,109,93,26,6,0,0,57,751,66,145,104,0,274,95,0,99,451,103,0,136,0,209,0,207,28,97,32,10,5,715,160,78,0,31,171,512,49,36,71,93,490,139,52,34,39,0,86,3577,8314,11891,0.300815743,2.324294101
Data/SSI/Potter Cove/L15-H2 XRF/XRF data/L000128.spe,568,25.6,25.6,7.66,1,0.018547,-0.012284,0.010561,0.119708,7586,1.86,0,0,306,0,0,0,409,1231,11085,56,4105,126,0,13207,0,0,89,99,0,0,0,0,0,601,89,120,123,0,94,119,20,35,201,193,83,17,0,169,4,297,0,80,11,33,22,1076,118,78,0,0,430,474,0,0,46,37,460,71,46,24,0,0,4,3510,7636,11146,0.314911179,2.175498575
Data/SSI/Potter Cove/L15-H2 XRF/XRF data/L000129.spe,570,25.8,25.8,7.65,1,0.018545,-0.012284,0.010562,0.119708,8490,1.74,0,7,413,0,0,0,411,1520,13590,111,4783,115,0,14965,32,0,74,72,0,0,0,51,25,694,57,210,90,0,193,170,0,86,336,174,0,150,38,128,0,261,49,133,0,23,57,919,123,70,0,0,400,892,0,0,267,126,477,102,84,61,21,0,53,3460,7707,11167,0.309841497,2.227456647
Data/SSI/Potter Cove/L15-H2 XRF/XRF data/L000130.spe,572,26,26,7.62,1,0.018541,-0.012284,0.010631,0.119708,7876,1.52,12,0,420,0,0,0,431,1403,12649,33,4393,165,199,14618,0,0,38,0,0,0,0,0,84,584,27,124,127,0,108,90,0,83,343,189,0,0,26,122,110,229,93,25,0,0,11,632,136,0,26,27,0,395,0,57,206,75,477,133,90,71,18,96,16,2993,7753,10746,0.278522241,2.590377548
Data/SSI/Potter Cove/L15-H2 XRF/XRF data/L000131.spe,574,26.2,26.2,7.63,1,0.018539,-0.012284,0.010598,0.119708,7545,1.39,0,0,387,0,0,0,419,1249,12134,135,4100,127,0,13400,11,63,100,0,0,0,0,44,0,622,54,89,67,0,191,131,0,0,251,153,20,152,172,90,24,63,6,50,13,29,27,885,32,37,0,0,0,489,0,0,164,42,422,88,81,93,59,32,0,3402,7066,10468,0.324990447,2.077013521
Data/SSI/Potter Cove/L15-H2 XRF/XRF data/L000132.spe,576,26.4,26.4,7.61,1,0.018537,-0.012284,0.010618,0.119708,7580,1.9,0,0,425,0,0,0,357,1333,12890,94,4215,174,181,13594,21,21,30,94,0,0,0,6,8,612,97,70,122,0,348,82,0,0,291,96,0,126,74,75,47,100,8,0,41,43,13,700,35,30,0,0,0,479,0,0,180,83,335,109,36,71,7,0,51,3384,6870,10254,0.330017554,2.030141844
Data/SSI/Potter Cove/L15-H2 XRF/XRF data/L000133.spe,578,26.6,26.6,7.62,1,0.018535,-0.012284,0.01064,0.119708,6817,2.72,0,15,332,0,0,0,346,1238,10993,52,3193,247,165,11901,0,44,60,78,0,0,0,0,15,489,0,117,86,0,727,144,0,0,334,60,0,476,0,103,66,55,17,16,8,0,25,749,65,43,17,0,0,579,0,0,184,84,125,99,81,76,54,0,41,4140,5854,9994,0.414248549,1.414009662
Data/SSI/Potter Cove/L15-H2 XRF/XRF data/L000134.spe,580,26.8,26.8,7.64,1,0.018545,-0.012284,0.010698,0.119708,8398,1.54,0,10,364,0,0,0,339,1385,13474,125,4681,78,129,14939,108,14,59,46,62,0,0,0,30,699,81,143,92,0,205,135,0,95,462,188,8,11,59,50,0,221,71,136,0,24,43,728,79,46,0,0,56,675,0,0,264,129,519,147,40,0,0,29,14,3150,8667,11817,0.266565118,2.751428571
Data/SSI/Potter Cove/L15-H2 XRF/XRF data/L000135.spe,582,27,27,7.69,1,0.018548,-0.012284,0.010759,0.119708,8336,1.39,0,0,411,0,0,0,461,1395,13407,56,4812,155,421,14333,99,0,114,111,51,7,0,0,41,773,72,176,129,0,29,128,41,128,551,181,63,125,0,82,0,338,101,177,0,15,34,647,177,123,0,0,412,159,0,0,238,184,557,167,46,10,57,0,65,2631,8542,11173,0.235478385,3.246674268
Data/SSI/Potter Cove/L15-H2 XRF/XRF data/L000136.spe,584,27.2,27.2,7.69,1,0.018549,-0.012284,0.010779,0.119708,8081,1.47,0,17,371,0,10,5,467,1392,13147,112,4793,0,360,13506,130,0,101,199,0,11,18,0,82,669,43,128,85,0,0,28,286,234,602,87,71,266,0,38,4,350,164,173,0,28,0,604,115,42,0,0,650,278,8,40,194,180,345,193,116,184,21,0,43,1972,8062,10034,0.196531792,4.088235294
Data/SSI/Potter Cove/L15-H2 XRF/XRF data/L000137.spe,586,27.4,27.4,7.67,1,0.018549,-0.012284,0.010799,0.119708,7764,1.61,0,4,366,0,0,0,422,1279,12337,119,4509,163,787,13471,0,0,64,76,41,0,0,0,20,658,12,98,94,0,0,103,78,39,617,136,14,0,0,153,0,293,66,99,0,0,0,217,171,57,0,0,379,90,0,0,132,70,527,167,54,13,19,29,30,2178,7961,10139,0.214814084,3.655188246
Data/SSI/Potter Cove/L15-H2 XRF/XRF data/L000138.spe,588,27.6,27.6,7.65,1,0.018541,-0.012284,0.010799,0.119708,8020,1.35,0,12,483,0,0,0,397,1536,14081,117,4750,0,29,13951,0,33,63,75,0,11,22,0,85,615,29,112,106,0,0,112,138,155,336,123,0,0,27,63,0,107,15,49,15,19,48,639,110,38,5,21,0,608,17,0,187,89,456,105,61,85,47,0,53,2490,7582,10072,0.247220016,3.04497992
Data/SSI/Potter Cove/L15-H2 XRF/XRF data/L000139.spe,590,27.8,27.8,7.63,1,0.018543,-0.012284,0.010818,0.119708,8262,1.63,0,0,464,0,0,0,413,1738,13520,148,4789,54,74,13941,26,0,5,89,34,22,0,61,85,633,32,170,160,0,77,57,38,200,444,64,0,152,0,37,0,259,128,102,18,9,57,619,98,0,0,0,314,737,0,0,182,138,446,115,49,39,0,0,74,3057,7653,10710,0.285434174,2.50343474
Data/SSI/Potter Cove/L15-H2 XRF/XRF data/L000140.spe,592,28,28,7.61,1,0.018544,-0.012284,0.010831,0.119708,7231,1.77,0,0,379,0,0,0,346,1213,11839,128,4008,43,347,12929,0,0,93,0,53,30,0,17,39,692,47,143,161,0,55,43,91,150,392,0,0,0,0,168,0,164,0,7,21,16,0,508,122,43,13,0,100,221,0,0,86,0,495,80,17,0,0,77,6,2171,6788,8959,0.242326152,3.126669737
Data/SSI/Potter Cove/L15-H2 XRF/XRF data/L000141.spe,594,28.2,28.2,7.55,1,0.018545,-0.012284,0.010831,0.119708,8167,1.7,0,11,506,0,0,0,263,1572,14402,153,4580,123,883,14738,46,16,115,136,0,0,7,0,42,585,79,127,100,0,316,139,0,100,587,8,13,60,71,57,12,114,31,77,35,45,46,304,57,41,0,0,0,94,8,55,208,72,341,111,61,46,44,0,85,2836,7629,10465,0.270998567,2.690056417
Data/SSI/Potter Cove/L15-H2 XRF/XRF data/L000142.spe,596,28.4,28.4,7.58,1,0.018544,-0.012284,0.010831,0.119708,6766,1.82,0,12,318,0,0,0,251,1276,11266,113,3838,152,551,11765,88,0,41,59,0,9,13,0,9,539,10,130,59,0,118,140,0,41,419,29,0,26,0,0,0,180,4,94,0,0,7,181,9,80,0,42,0,183,0,86,206,93,437,94,64,6,0,0,24,2159,6654,8813,0.244979008,3.081982399
Data/SSI/Potter Cove/L15-H2 XRF/XRF data/L000143.spe,598,28.6,28.6,7.59,1,0.018538,-0.012284,0.010865,0.119708,8376,1.4,4,13,497,0,0,0,239,1564,14101,158,4633,162,550,14278,33,19,51,0,0,0,0,0,8,663,71,118,183,0,155,102,26,71,443,116,56,46,0,34,0,159,62,108,0,24,0,715,128,64,0,0,0,114,39,18,238,53,586,137,112,75,55,54,38,3444,8570,12014,0.286665557,2.488385598
Data/SSI/Potter Cove/L15-H2 XRF/XRF data/L000144.spe,600,28.8,28.8,7.65,1,0.018541,-0.012284,0.010901,0.119708,8439,1.59,0,0,404,0,0,0,338,1401,13629,30,4505,311,225,15178,95,0,92,163,68,10,0,0,15,682,49,127,122,0,190,162,0,0,365,285,111,0,0,99,64,325,154,165,27,32,40,922,182,22,0,7,0,423,0,44,260,114,487,205,139,13,61,0,38,4253,8315,12568,0.338399109,1.955090524
Data/SSI/Potter Cove/L15-H2 XRF/XRF data/L000145.spe,602,29,29,7.7,1,0.018539,-0.012284,0.010913,0.119708,8475,2,0,0,331,0,0,0,386,1380,13581,66,4622,175,46,15478,0,0,15,90,11,0,9,0,9,676,55,52,170,0,271,135,0,0,302,152,0,73,0,62,0,249,74,94,25,18,0,869,107,0,0,0,0,577,5,4,256,79,472,108,18,64,0,0,42,4145,7970,12115,0.342137846,1.922798552
Data/SSI/Potter Cove/L15-H2 XRF/XRF data/L000146.spe,604,29.2,29.2,7.69,1,0.018538,-0.012284,0.010913,0.119708,8773,1.75,0,23,484,0,0,0,411,1636,15128,89,4804,244,0,15896,87,4,66,97,0,0,0,5,31,590,7,151,144,0,279,45,0,0,364,151,0,258,73,23,0,188,44,143,0,11,0,1039,47,85,0,0,0,648,10,0,346,162,496,100,21,87,50,0,55,3905,8184,12089,0.323020928,2.095774648
Data/SSI/Potter Cove/L15-H2 XRF/XRF data/L000147.spe,606,29.4,29.4,7.68,1,0.018544,-0.012284,0.010946,0.119708,7864,1.36,0,0,347,0,0,0,469,1346,13017,111,4283,90,358,13757,0,19,86,67,28,29,18,0,82,653,68,169,161,0,0,51,133,160,497,0,23,106,0,162,116,180,92,46,17,81,50,568,144,0,18,8,190,346,0,38,93,58,333,147,106,47,34,16,56,2852,7708,10560,0.270075758,2.702664797
Data/SSI/Potter Cove/L15-H2 XRF/XRF data/L000148.spe,608,29.6,29.6,7.65,1,0.018539,-0.012284,0.010946,0.119708,7190,1.56,0,8,253,0,0,0,437,1108,10559,139,3585,293,391,12835,0,0,38,34,0,0,0,43,51,670,40,120,140,0,175,57,0,0,596,0,0,209,0,86,0,237,52,72,38,22,0,576,108,31,0,0,33,137,0,0,184,43,376,102,68,86,0,0,20,2741,7181,9922,0.276254787,2.619846771
Data/SSI/Potter Cove/L15-H2 XRF/XRF data/L000149.spe,610,29.8,29.8,7.61,1,0.018539,-0.012284,0.010989,0.119708,7877,1.54,6,7,293,0,0,0,381,1241,12335,144,3776,190,767,14258,0,5,32,0,0,0,0,0,31,551,27,165,69,0,396,84,0,38,524,144,39,40,0,109,29,256,84,78,0,15,0,494,176,25,0,14,0,0,19,18,194,13,514,147,119,51,17,73,5,3636,8435,12071,0.301217795,2.319856986
Data/SSI/Potter Cove/L15-H2 XRF/XRF data/L000150.spe,612,30,30,7.58,1,0.018543,-0.012284,0.011069,0.119708,7844,1.46,0,0,318,0,0,0,413,1335,12483,59,4230,153,574,14658,58,0,44,107,11,0,0,0,19,693,41,75,108,0,203,97,0,54,364,93,25,0,44,7,53,131,46,52,55,65,16,494,67,0,0,0,0,13,0,0,197,86,451,86,70,15,0,0,44,2922,7459,10381,0.281475773,2.552703628
Data/SSI/Potter Cove/L15-H2 XRF/XRF data/L000151.spe,614,30.2,30.2,7.58,1,0.018541,-0.012284,0.011087,0.119708,7732,1.85,12,19,366,0,0,0,418,1297,12970,7,4058,101,0,14926,18,15,83,163,80,0,0,0,88,633,73,137,76,0,338,61,0,129,443,67,0,71,20,138,53,169,50,77,27,0,20,784,109,34,0,39,0,607,22,51,189,96,449,129,11,0,38,0,73,3443,6967,10410,0.330739673,2.023525995
Data/SSI/Potter Cove/L15-H2 XRF/XRF data/L000152.spe,616,30.4,30.4,7.58,1,0.018549,-0.012284,0.011158,0.119708,8918,1.44,0,36,505,0,0,0,462,1613,15421,126,4741,150,447,15874,91,31,118,73,0,32,0,17,71,883,81,207,124,0,130,200,0,43,456,224,96,0,176,72,19,193,57,121,0,45,0,535,121,62,0,36,0,21,0,0,209,91,675,150,87,47,37,0,77,2711,9099,11810,0.229551228,3.356326079
Data/SSI/Potter Cove/L15-H2 XRF/XRF data/L000153.spe,618,30.6,30.6,7.53,1,0.018545,-0.012284,0.011158,0.119708,8071,1.45,0,0,442,0,11,0,515,1425,14195,210,4247,210,0,14182,0,0,70,0,21,5,0,0,106,672,97,161,132,0,156,110,24,31,289,195,22,0,0,109,0,254,47,102,24,20,15,808,144,60,0,21,267,521,0,29,126,28,678,136,90,8,0,62,0,2745,7150,9895,0.277412835,2.604735883
Data/SSI/Potter Cove/L15-H2 XRF/XRF data/L000154.spe,620,30.8,30.8,7.5,1,0.018547,-0.012284,0.011164,0.119708,7758,1.72,0,25,366,0,0,0,498,1228,12925,116,4114,155,776,14213,149,13,74,88,38,0,0,0,7,702,100,194,104,0,98,100,0,18,391,171,99,0,34,0,0,219,111,140,0,0,0,453,117,34,0,0,0,0,0,6,283,120,625,153,53,63,22,0,43,2320,7082,9402,0.246756009,3.052586207
Data/SSI/Potter Cove/L15-H2 XRF/XRF data/L000155.spe,622,31,31,7.46,1,0.018543,-0.012284,0.011164,0.119708,6306,1.81,0,10,213,0,0,0,551,954,8962,55,3194,23,104,11026,0,7,55,0,25,35,0,0,98,645,14,182,127,0,77,40,56,100,343,0,0,0,0,99,0,146,0,17,0,0,12,422,57,22,33,33,0,76,0,43,50,0,446,79,0,0,0,26,25,1774,5649,7423,0.238986933,3.1843292
Data/SSI/Potter Cove/L15-H2 XRF/XRF data/L000156.spe,624,31.2,31.2,7.41,1,0.018536,-0.012284,0.011091,0.119708,4748,1.32,0,0,106,0,0,0,584,575,5034,14,1978,171,0,8066,0,48,57,0,0,0,0,16,0,640,56,181,144,0,101,26,0,0,199,66,0,0,0,76,27,95,25,20,0,40,44,496,107,18,9,0,0,215,0,0,105,27,334,79,45,36,9,50,19,2026,4005,6031,0.335931023,1.976801579
Data/SSI/Potter Cove/L15-H2 XRF/XRF data/L000157.spe,626,31.4,31.4,7.27,0,0.01854,-0.012284,0.011091,0.119708,5855,1.32,6,0,205,0,0,0,570,893,8169,31,2791,38,581,10402,71,75,73,19,0,40,0,21,51,675,57,151,205,0,151,0,0,64,337,15,18,56,155,12,9,0,0,42,23,29,43,271,0,23,0,31,0,0,0,0,110,62,269,90,69,17,31,24,30,1925,4840,6765,0.284552846,2.514285714
Data/SSI/Potter Cove/L15-H2 XRF/XRF data/L000158.spe,628,31.6,31.6,7.13,0,0.01854,-0.012284,0.011123,0.119708,5397,1.33,0,0,255,0,0,0,548,808,6931,71,2613,96,356,9116,14,14,76,110,72,14,30,39,63,631,33,190,150,0,108,62,0,58,328,18,0,77,0,47,9,141,54,48,54,0,17,219,77,0,0,33,0,86,13,0,142,58,212,95,58,0,16,0,80,1910,4452,6362,0.300220057,2.330890052
Data/SSI/Potter Cove/L15-H2 XRF/XRF data/L000159.spe,630,31.8,31.8,7.03,1,0.018535,-0.012284,0.011127,0.119708,5712,2.37,0,0,256,0,0,68,483,828,7530,12,2292,67,180,9945,0,0,65,8,0,10,6,0,23,622,31,179,226,0,373,33,0,29,396,0,0,174,0,14,0,70,0,28,0,41,0,316,41,54,0,0,0,262,7,0,168,34,238,43,79,47,20,0,12,2079,4242,6321,0.328903654,2.04040404